latest/win/wrd_script/007/gallery_text_US.SPC	casino_00.stx	0	THIS...IS-THE-CASINO...	ESTO...ES-EL-CASINO...
latest/win/wrd_script/007/gallery_text_US.SPC	casino_00.stx	1	YOU-CAN-PLAY-AS-MUCH-AS-YOU-\nLIKE...	PUEDES-JUGAR-TODO-LO-QUE-\nQUIERAS...
latest/win/wrd_script/007/gallery_text_US.SPC	casino_00.stx	2	Oh, and don't mind the guitar.	Ah, y no le hagas caso a la guitarra.
latest/win/wrd_script/007/gallery_text_US.SPC	casino_00.stx	3	Just like at the Ultimate Academy, you can\nexchange coins and get some good shit here!	¡Igual que en la Academia Definitiva, aquí\npuedes cambiar fichas por cosas buenas, carajo!
latest/win/wrd_script/007/gallery_text_US.SPC	casino_00.stx	4	Yes	Sí
latest/win/wrd_script/007/gallery_text_US.SPC	casino_00.stx	6	Are you unsure of something?	¿Tienes alguna duda?
latest/win/wrd_script/007/gallery_text_US.SPC	casino_00.stx	7	<CLT=cltSYSTEM>Would you like to leave the casino?	<CLT=cltSYSTEM>¿Quieres salir del casino?
latest/win/wrd_script/007/gallery_text_US.SPC	casino_01.stx	0	Huh? Did we always have a game like\nthis here?	¿Eh? ¿Siempre hubo un juego como\neste aquí?
latest/win/wrd_script/007/gallery_text_US.SPC	casino_01.stx	1	You can exchange your casino coins\nat the exchange booth upstairs.	Puedes cambiar tus fichas de casino\nen la caja del piso de arriba.
latest/win/wrd_script/007/gallery_text_US.SPC	casino_01.stx	2	The coins you gain here can be taken\nto story mode, too!	¡Las fichas que ganes aquí también\nse pueden llevar al modo historia!
latest/win/wrd_script/007/gallery_text_US.SPC	casino_01.stx	3	Each game is made specifically for the casino.\nLots of points will get you lots of coins.	Cada juego está hecho para el casino.\nMuchos puntos te darán muchas fichas.
latest/win/wrd_script/007/gallery_text_US.SPC	casino_01.stx	4	Yes	Sí
latest/win/wrd_script/007/gallery_text_US.SPC	casino_01.stx	6	Are you unsure of something?	¿Tienes alguna duda?
latest/win/wrd_script/007/gallery_text_US.SPC	casino_01.stx	7	<CLT=cltSYSTEM>Would you like to leave?	<CLT=cltSYSTEM>¿Quieres salir?
latest/win/wrd_script/007/gallery_text_US.SPC	casino_01.stx	8	<CLT=cltMIND>This is OUTLAW RUN,\nA driving game.	<CLT=cltMIND>Es OUTLAW RUN,\nun juego de conducción.
latest/win/wrd_script/007/gallery_text_US.SPC	casino_01.stx	9	<CLT=cltMIND>I guess it isn't ready to play yet...	<CLT=cltMIND>Parece que todavía no se puede jugar...
latest/win/wrd_script/007/gallery_text_US.SPC	casino_01.stx	10	<CLT=cltMIND>This is OUTLAW RUN,\nA driving game.	<CLT=cltMIND>Es OUTLAW RUN,\nun juego de conducción.
latest/win/wrd_script/007/gallery_text_US.SPC	casino_01.stx	11	<CLT=cltMIND>Maybe I'll try this one...	<CLT=cltMIND>Tal vez pruebe este...
latest/win/wrd_script/007/gallery_text_US.SPC	casino_01.stx	12	Yes	Sí
latest/win/wrd_script/007/gallery_text_US.SPC	casino_01.stx	14	Read the rules	Leer las reglas
latest/win/wrd_script/007/gallery_text_US.SPC	casino_01.stx	15	<CLT=cltSYSTEM>OUTLAW RUN\nDriver's Manual	<CLT=cltSYSTEM>OUTLAW RUN\nManual del conductor
latest/win/wrd_script/007/gallery_text_US.SPC	casino_01.stx	16	<CLT=cltSYSTEM>Run over the targets with style\nand try to get the high score!	<CLT=cltSYSTEM>¡Atropella los objetivos con estilo\ny consigue la puntuación más alta!
latest/win/wrd_script/007/gallery_text_US.SPC	casino_01.stx	17	<CLT=cltSYSTEM>Get a bunch in a row, combos are stylin'!\nMonodam is a bonus and Monokid is a boost!	<CLT=cltSYSTEM>¡Encadena atropellos, los combos tienen estilo!\n¡Monodam da bonus y Monokid da turbo!
latest/win/wrd_script/007/gallery_text_US.SPC	casino_01.stx	18	...\nThis has nothing to do with driving at all.	...\nEsto no tiene nada que ver con conducir.
latest/win/wrd_script/007/gallery_text_US.SPC	casino_01.stx	19	Are you unsure of something?	¿Tienes alguna duda?
latest/win/wrd_script/007/gallery_text_US.SPC	casino_01.stx	20	<CLT=cltSYSTEM>Would you like to play the game?	<CLT=cltSYSTEM>¿Quieres jugar?
latest/win/wrd_script/007/gallery_text_US.SPC	casino_01.stx	21	<CLT=cltMIND>TREASURE HUNTER! MONOLITH.\nIt's a treasure hunting game...	<CLT=cltMIND>¡TREASURE HUNTER! MONOLITH.\nEs un juego de búsqueda de tesoros...
latest/win/wrd_script/007/gallery_text_US.SPC	casino_01.stx	22	<CLT=cltMIND>Looks like it's still being set up...	<CLT=cltMIND>Parece que todavía lo están preparando...
latest/win/wrd_script/007/gallery_text_US.SPC	casino_01.stx	23	<CLT=cltMIND>TREASURE HUNTER! MONOLITH.\nIt's a treasure hunting game...	<CLT=cltMIND>¡TREASURE HUNTER! MONOLITH.\nEs un juego de búsqueda de tesoros...
latest/win/wrd_script/007/gallery_text_US.SPC	casino_01.stx	24	<CLT=cltMIND>Maybe I'll try this one...	<CLT=cltMIND>Tal vez pruebe este...
latest/win/wrd_script/007/gallery_text_US.SPC	casino_01.stx	25	Yes	Sí
latest/win/wrd_script/007/gallery_text_US.SPC	casino_01.stx	27	Read the rules	Leer las reglas
latest/win/wrd_script/007/gallery_text_US.SPC	casino_01.stx	28	<CLT=cltSYSTEM>TREASURE HUNTER! MONOLITH\nTreasure Hunting Guide	<CLT=cltSYSTEM>¡TREASURE HUNTER! MONOLITH\nGuía del cazador de tesoros
latest/win/wrd_script/007/gallery_text_US.SPC	casino_01.stx	29	<CLT=cltSYSTEM>Connect two or more of the same color!\nUncover the hidden salmon fossils!	<CLT=cltSYSTEM>¡Une dos o más del mismo color!\n¡Desentierra los fósiles de salmón ocultos!
latest/win/wrd_script/007/gallery_text_US.SPC	casino_01.stx	30	<CLT=cltSYSTEM>Try to find the rare Monokub statues!\nDig them up whenever you see one!	<CLT=cltSYSTEM>¡Busca las raras estatuas de los Monokubs!\n¡Desentiérralas en cuanto veas una!
latest/win/wrd_script/007/gallery_text_US.SPC	casino_01.stx	31	...\nAre salmon fossils treasure...?	...\n¿Los fósiles de salmón son un tesoro...?
latest/win/wrd_script/007/gallery_text_US.SPC	casino_01.stx	32	Are you unsure of something?	¿Tienes alguna duda?
latest/win/wrd_script/007/gallery_text_US.SPC	casino_01.stx	33	<CLT=cltSYSTEM>Would you like to play the game?	<CLT=cltSYSTEM>¿Quieres jugar?
latest/win/wrd_script/007/gallery_text_US.SPC	casino_01.stx	34	<CLT=cltMIND>SALMON FISHING!\nIt's a game where you fish for salmon.	<CLT=cltMIND>¡SALMON FISHING!\nEs un juego de pescar salmones.
latest/win/wrd_script/007/gallery_text_US.SPC	casino_01.stx	35	<CLT=cltMIND>Maybe I'll try this one...	<CLT=cltMIND>Tal vez pruebe este...
latest/win/wrd_script/007/gallery_text_US.SPC	casino_01.stx	36	Yes	Sí
latest/win/wrd_script/007/gallery_text_US.SPC	casino_01.stx	38	Read the rules	Leer las reglas
latest/win/wrd_script/007/gallery_text_US.SPC	casino_01.stx	39	<CLT=cltSYSTEM>SALMON FISHING!\nSalmon Night	<CLT=cltSYSTEM>¡SALMON FISHING!\nNoche de salmones
latest/win/wrd_script/007/gallery_text_US.SPC	casino_01.stx	40	<CLT=cltSYSTEM>On this night, the salmon come left and right.\nUse your Monokuma Eye to find them.	<CLT=cltSYSTEM>En esta noche, los salmones van y vienen.\nUsa tu Ojo Monokuma para encontrarlos.
latest/win/wrd_script/007/gallery_text_US.SPC	casino_01.stx	41	<CLT=cltSYSTEM>Fish for the color Monokuma desires.\nBeware, mines hide beneath the current.	<CLT=cltSYSTEM>Pesca el color que Monokuma desea.\nCuidado, hay minas bajo la corriente.
latest/win/wrd_script/007/gallery_text_US.SPC	casino_01.stx	42	...\nThat was quite the poetic explanation...	...\nQué explicación tan poética...
latest/win/wrd_script/007/gallery_text_US.SPC	casino_01.stx	43	Are you unsure of something?	¿Tienes alguna duda?
latest/win/wrd_script/007/gallery_text_US.SPC	casino_01.stx	44	<CLT=cltSYSTEM>Would you like to play the game?	<CLT=cltSYSTEM>¿Quieres jugar?
latest/win/wrd_script/007/gallery_text_US.SPC	casino_01.stx	45	<CLT=cltMIND>MonoMono Slots...\nIt looks like a slot machine game.	<CLT=cltMIND>MonoMono Slots...\nParece un juego de tragamonedas.
latest/win/wrd_script/007/gallery_text_US.SPC	casino_01.stx	46	<CLT=cltMIND>Maybe I'll try this one...	<CLT=cltMIND>Tal vez pruebe este...
latest/win/wrd_script/007/gallery_text_US.SPC	casino_01.stx	47	Yes	Sí
latest/win/wrd_script/007/gallery_text_US.SPC	casino_01.stx	49	Read the rules	Leer las reglas
latest/win/wrd_script/007/gallery_text_US.SPC	casino_01.stx	50	<CLT=cltSYSTEM>MonoMono Slots\nHow to Win at Slots	<CLT=cltSYSTEM>MonoMono Slots\nCómo ganar en las tragamonedas
latest/win/wrd_script/007/gallery_text_US.SPC	casino_01.stx	51	<CLT=cltSYSTEM>Insert as many coins as you'd like.\nThen, spin the slots!	<CLT=cltSYSTEM>Inserta todas las fichas que quieras.\n¡Y luego, haz girar los rodillos!
latest/win/wrd_script/007/gallery_text_US.SPC	casino_01.stx	52	<CLT=cltSYSTEM>You have a 100% chance of winning if you\nnever stop! Spin spin spin forever!	<CLT=cltSYSTEM>¡Tienes un 100% de probabilidad de ganar si\nnunca te detienes! ¡Gira, gira, gira sin fin!
latest/win/wrd_script/007/gallery_text_US.SPC	casino_01.stx	53	...\nWell, that was nonsense.	...\nBueno, eso no tuvo ningún sentido.
latest/win/wrd_script/007/gallery_text_US.SPC	casino_01.stx	54	Are you unsure of something?	¿Tienes alguna duda?
latest/win/wrd_script/007/gallery_text_US.SPC	casino_01.stx	55	<CLT=cltSYSTEM>Would you like to play the game?	<CLT=cltSYSTEM>¿Quieres jugar?
latest/win/wrd_script/007/gallery_text_US.SPC	casino_01.stx	56	<CLT=cltMIND>MonoMono Slots...\nIt looks like a slot machine game.	<CLT=cltMIND>MonoMono Slots...\nParece un juego de tragamonedas.
latest/win/wrd_script/007/gallery_text_US.SPC	casino_01.stx	57	<CLT=cltMIND>Maybe I'll try this one...	<CLT=cltMIND>Tal vez pruebe este...
latest/win/wrd_script/007/gallery_text_US.SPC	casino_01.stx	58	Yes	Sí
latest/win/wrd_script/007/gallery_text_US.SPC	casino_01.stx	60	Read the rules	Leer las reglas
latest/win/wrd_script/007/gallery_text_US.SPC	casino_01.stx	61	<CLT=cltSYSTEM>MonoMono Slots\nHow to Win at Slots	<CLT=cltSYSTEM>MonoMono Slots\nCómo ganar en las tragamonedas
latest/win/wrd_script/007/gallery_text_US.SPC	casino_01.stx	62	<CLT=cltSYSTEM>Insert as many coins as you'd like.\nThen, spin the slots!	<CLT=cltSYSTEM>Inserta todas las fichas que quieras.\n¡Y luego, haz girar los rodillos!
latest/win/wrd_script/007/gallery_text_US.SPC	casino_01.stx	63	<CLT=cltSYSTEM>You have a 100% chance of winning if you\nnever stop! Spin spin spin forever!	<CLT=cltSYSTEM>¡Tienes un 100% de probabilidad de ganar si\nnunca te detienes! ¡Gira, gira, gira sin fin!
latest/win/wrd_script/007/gallery_text_US.SPC	casino_01.stx	64	...\nWell, that was nonsense.	...\nBueno, eso no tuvo ningún sentido.
latest/win/wrd_script/007/gallery_text_US.SPC	casino_01.stx	65	Are you unsure of something?	¿Tienes alguna duda?
latest/win/wrd_script/007/gallery_text_US.SPC	casino_01.stx	66	<CLT=cltSYSTEM>Would you like to play the game?	<CLT=cltSYSTEM>¿Quieres jugar?
latest/win/wrd_script/007/gallery_text_US.SPC	casino_01.stx	67	<CLT=cltMIND>MonoMono Slots...\nIt looks like a slot machine game.	<CLT=cltMIND>MonoMono Slots...\nParece un juego de tragamonedas.
latest/win/wrd_script/007/gallery_text_US.SPC	casino_01.stx	68	<CLT=cltMIND>Maybe I'll try this one...	<CLT=cltMIND>Tal vez pruebe este...
latest/win/wrd_script/007/gallery_text_US.SPC	casino_01.stx	69	Yes	Sí
latest/win/wrd_script/007/gallery_text_US.SPC	casino_01.stx	71	Read the rules	Leer las reglas
latest/win/wrd_script/007/gallery_text_US.SPC	casino_01.stx	72	<CLT=cltSYSTEM>MonoMono Slots\nHow to Win at Slots	<CLT=cltSYSTEM>MonoMono Slots\nCómo ganar en las tragamonedas
latest/win/wrd_script/007/gallery_text_US.SPC	casino_01.stx	73	<CLT=cltSYSTEM>Insert as many coins as you'd like.\nThen, spin the slots!	<CLT=cltSYSTEM>Inserta todas las fichas que quieras.\n¡Y luego, haz girar los rodillos!
latest/win/wrd_script/007/gallery_text_US.SPC	casino_01.stx	74	<CLT=cltSYSTEM>You have a 100% chance of winning if you\nnever stop! Spin spin spin forever!	<CLT=cltSYSTEM>¡Tienes un 100% de probabilidad de ganar si\nnunca te detienes! ¡Gira, gira, gira sin fin!
latest/win/wrd_script/007/gallery_text_US.SPC	casino_01.stx	75	...\nWell, that was nonsense.	...\nBueno, eso no tuvo ningún sentido.
latest/win/wrd_script/007/gallery_text_US.SPC	casino_01.stx	76	Are you unsure of something?	¿Tienes alguna duda?
latest/win/wrd_script/007/gallery_text_US.SPC	casino_01.stx	77	<CLT=cltSYSTEM>Would you like to play the game?	<CLT=cltSYSTEM>¿Quieres jugar?
latest/win/wrd_script/007/gallery_text_US.SPC	casino_01.stx	78	<CLT=cltMIND>This is OUTLAW RUN,\nA driving game.	<CLT=cltMIND>Es OUTLAW RUN,\nun juego de conducción.
latest/win/wrd_script/007/gallery_text_US.SPC	casino_01.stx	79	<CLT=cltMIND>Looks like it's still being set up...	<CLT=cltMIND>Parece que todavía lo están preparando...
latest/win/wrd_script/007/gallery_text_US.SPC	casino_01.stx	80	<CLT=cltMIND>TREASURE HUNTER! MONOLITH.\nIt's a treasure hunting game...	<CLT=cltMIND>¡TREASURE HUNTER! MONOLITH.\nEs un juego de búsqueda de tesoros...
latest/win/wrd_script/007/gallery_text_US.SPC	casino_01.stx	81	<CLT=cltMIND>Looks like it's still being set up...	<CLT=cltMIND>Parece que todavía lo están preparando...
latest/win/wrd_script/007/gallery_text_US.SPC	gallery_001.stx	0	<CLT=cltMIND>Students must live at the Ultimate Academy for\nthe remainder of their foreseeable future.	<CLT=cltMIND>Los alumnos vivirán en la Academia Definitiva\npor el resto de su futuro previsible.
latest/win/wrd_script/007/gallery_text_US.SPC	gallery_001.stx	1	<CLT=cltMIND>Once a murder takes place, all surviving\nstudents must participate in a class trial.	<CLT=cltMIND>Al ocurrir un asesinato, los sobrevivientes\ndeben participar en un Juicio Escolar.
latest/win/wrd_script/007/gallery_text_US.SPC	gallery_001.stx	2	<CLT=cltMIND>If the blackened is exposed during the class\ntrial, they alone will be executed.	<CLT=cltMIND>Si el ennegrecido es expuesto durante el\nJuicio Escolar, solo él será ejecutado.
latest/win/wrd_script/007/gallery_text_US.SPC	gallery_001.stx	3	<CLT=cltMIND>If the blackened is not exposed, all remaining\nstudents will be executed.	<CLT=cltMIND>Si el ennegrecido no es expuesto, todos los\nestudiantes restantes serán ejecutados.
latest/win/wrd_script/007/gallery_text_US.SPC	gallery_001.stx	4	<CLT=cltMIND>If the blackened survives the class trial, they\nwill graduate and re-enter the outside world.	<CLT=cltMIND>Si el ennegrecido sobrevive al juicio,\nse graduará y volverá al mundo exterior.
latest/win/wrd_script/007/gallery_text_US.SPC	gallery_001.stx	5	<CLT=cltMIND>The killing game and class trials will continue\nuntil only two surviving students remain.	<CLT=cltMIND>El juego y los juicios escolares continuarán\nhasta quedar solo dos sobrevivientes.
latest/win/wrd_script/007/gallery_text_US.SPC	gallery_001.stx	6	<CLT=cltMIND><CLT=cltSTRONG>"Nighttime"<CLT=cltMIND> is from 10 p.m. to 8 a.m. The dining\nhall and gymnasium are off-limits at night.	<CLT=cltMIND>"<CLT=cltSTRONG>La Noche<CLT=cltMIND>" es de 10 p.m. a 8 a.m. El comedor\ny el gimnasio están prohibidos de noche.
latest/win/wrd_script/007/gallery_text_US.SPC	gallery_001.stx	7	<CLT=cltMIND>Violence toward Monokuma, the headmaster of\nthe Ultimate Academy, is strictly prohibited.	<CLT=cltMIND>La violencia hacia Monokuma, el director de\nla Academia, está estrictamente prohibida.
latest/win/wrd_script/007/gallery_text_US.SPC	gallery_001.stx	8	<CLT=cltMIND>Monokuma will never directly commit\na murder.	<CLT=cltMIND>Monokuma nunca cometerá directamente un\nasesinato.
latest/win/wrd_script/007/gallery_text_US.SPC	gallery_001.stx	9	Your Monopads are very important items.\nPlease do not damage them.	Sus Monopads son objetos muy importantes. Por\nfavor, no los dañen.
latest/win/wrd_script/007/gallery_text_US.SPC	gallery_001.stx	10	<CLT=cltMIND>The <CLT=cltSTRONG>"Body Discovery Announcement"<CLT=cltMIND> will play\nwhen three or more students discover a body.	<CLT=cltMIND>El<CLT=cltSTRONG> Aviso de Hallazgo de Cuerpo<CLT=cltMIND> sonará cuando\ntres o más estudiantes descubran un cuerpo.
latest/win/wrd_script/007/gallery_text_US.SPC	gallery_001.stx	11	<CLT=cltMIND>With minimal restrictions, you are free to\nexplore the campus at your discretion.	<CLT=cltMIND>Con restricciones mínimas, usted es libre de\nexplorar el campus a su discreción.
latest/win/wrd_script/007/gallery_text_US.SPC	gallery_001.stx	12	<CLT=cltMIND>Students who violate these rules will be\nimmediately exterminated by the Exisals.	<CLT=cltMIND>Los estudiantes que violen las reglas serán\ninmediatamente exterminados por los Exisals.
latest/win/wrd_script/007/gallery_text_US.SPC	gallery_007.stx	0	New students of the Ultimate Academy!\nCongratulations!	¡Nuevos estudiantes de la Academia Definitiva!\n¡Felicidades!
latest/win/wrd_script/007/gallery_text_US.SPC	gallery_007.stx	1	The weeds here have grown thick with joy, as\nif celebrating your entrance into this school.	La maleza ha crecido llena de alegría, como si\ncelebrara su ingreso a esta escuela.
latest/win/wrd_script/007/gallery_text_US.SPC	gallery_007.stx	2	Seeing your anxious eyes shine with murderous\nintent makes me oh-so happy.	Ver sus ojos ansiosos brillar con intenciones\nasesinas me hace taaan feliz.
latest/win/wrd_script/007/gallery_text_US.SPC	gallery_007.stx	3	If you ever feel lost, don't be shy—talk to your\nfriends or a teacher. Let's all get along.	Si se sienten perdidos, hablen sin pena con sus\namigos o un profesor. Llevémonos bien.
latest/win/wrd_script/007/gallery_text_US.SPC	gallery_007.stx	4	And...let's do lots of killing, too.	Y... matémonos mucho también.
latest/win/wrd_script/007/gallery_text_US.SPC	gallery_007.stx	5	I pray for the physical and mental well-being\nof this new killing school semester—	Rezo por la salud física y mental de este\nnuevo semestre escolar de asesinatos...
latest/win/wrd_script/007/gallery_text_US.SPC	gallery_007.stx	6	I mean...I pray for the well-being of you\nstudents. Yes, that will do...	Digo... rezo por el bienestar de ustedes,\nestudiantes. Sí, así está bien...
latest/win/wrd_script/007/gallery_text_US.SPC	gallery_007.stx	7	I'll teach you guys how to win over a lady.	Les voy a enseñar a conquistar a una dama.
latest/win/wrd_script/007/gallery_text_US.SPC	gallery_007.stx	8	First, you gotta give her a present.\nLadies can't resist presents.	Primero, tienes que darle un regalo.\nLas damas no se resisten a los regalos.
latest/win/wrd_script/007/gallery_text_US.SPC	gallery_007.stx	9	But you can't give her any present. It's\ngotta be a present suited to her tastes.	Pero no cualquier regalo. Tiene que ser\nun regalo que vaya con sus gustos.
latest/win/wrd_script/007/gallery_text_US.SPC	gallery_007.stx	10	And it's gotta be a handmade present, too.\nSo it looks like you put thought into it.	Y además tiene que ser hecho a mano.\nPa' que se note que le pusiste empeño.
latest/win/wrd_script/007/gallery_text_US.SPC	gallery_007.stx	11	For example, the kinda lady who's into\nstrong men would love a handmade...	Por ejemplo, a la dama a la que le gustan\nlos hombres fuertes le encantaría un...
latest/win/wrd_script/007/gallery_text_US.SPC	gallery_007.stx	12	pro wrestling group.	grupo de lucha libre hecho a mano.
latest/win/wrd_script/007/gallery_text_US.SPC	gallery_007.stx	13	She'll love bein' surrounded by macho dudes,\nand you'll make money off the wrestlers, too!	¡Le encantará estar rodeada de machos,\ny además vas a ganar dinero con los luchadores!
latest/win/wrd_script/007/gallery_text_US.SPC	gallery_007.stx	14	If enough wrestlers get popular, then it\nmight be good to host a big event.	Si suficientes luchadores se vuelven famosos,\nconvendría organizar un gran evento.
latest/win/wrd_script/007/gallery_text_US.SPC	gallery_007.stx	15	And after they're done beating up each other,\nthey can fight other pro wrestling groups!	¡Y cuando terminen de molerse a golpes,\npueden pelear contra otros grupos de lucha!
latest/win/wrd_script/007/gallery_text_US.SPC	gallery_007.stx	16	Just give it a shot, and I'm positive you'll\nwin her heart!	¡Tú inténtalo, y seguro que te ganas\nsu corazón!
latest/win/wrd_script/007/gallery_text_US.SPC	gallery_007.stx	17	I hear kids these days don't even say\n"thank you" anymore.	Dicen que los niños de hoy ya ni siquiera\ndicen "gracias".
latest/win/wrd_script/007/gallery_text_US.SPC	gallery_007.stx	18	I blame the parents! They haven't properly\ntaught them the true meaning of "thank you"!	¡Es culpa de los padres! ¡No les enseñaron\nel verdadero significado de "gracias"!
latest/win/wrd_script/007/gallery_text_US.SPC	gallery_007.stx	19	It's very important to express gratitude to\nsomeone who has done something for you.	Es muy importante mostrar gratitud a quien\nha hecho algo por ti.
latest/win/wrd_script/007/gallery_text_US.SPC	gallery_007.stx	20	It will make that person feel happy, and they\nmight do something special for you later.	Eso hará feliz a esa persona, y tal vez\nluego haga algo especial por ti.
latest/win/wrd_script/007/gallery_text_US.SPC	gallery_007.stx	21	In other words, "thank you" isn't just about\nexpressing gratitude...	En otras palabras, "gracias" no solo sirve\npara expresar gratitud...
latest/win/wrd_script/007/gallery_text_US.SPC	gallery_007.stx	22	it also expresses the expectation of a\nfuture favor.	también expresa que esperas un favor\nen el futuro.
latest/win/wrd_script/007/gallery_text_US.SPC	gallery_007.stx	23	So the more you say "thank you," the more\nyou can use the people around you.	Así que, entre más "gracias" digas, más\npodrás usar a la gente que te rodea.
latest/win/wrd_script/007/gallery_text_US.SPC	gallery_007.stx	24	So always say "thank you" to people, and make\nthem do lots of stuff for your benefit!	¡Así que siempre den las "gracias", y hagan\nque los demás hagan mucho por ustedes!
latest/win/wrd_script/007/gallery_text_US.SPC	gallery_007.stx	25	College entrance exams are a big milestone,\non par with finding a job or getting married.	El examen de ingreso a la universidad es tan\nimportante como conseguir trabajo o casarse.
latest/win/wrd_script/007/gallery_text_US.SPC	gallery_007.stx	26	Are you examinees out there working hard!?\nWhen studying, focus is the most important!	¡¿Se están esforzando, aspirantes?!\n¡Al estudiar, lo más importante es concentrarse!
latest/win/wrd_script/007/gallery_text_US.SPC	gallery_007.stx	27	Boost your focus by throwing away all those\ncomic books and video games!	¡Mejoren su concentración tirando todos\nesos cómics y videojuegos!
latest/win/wrd_script/007/gallery_text_US.SPC	gallery_007.stx	28	Oh, but Spike Chunsoft games are fine. They're\nspecially made to improve your focus.	Ah, pero los juegos de Spike Chunsoft sí. Están\nhechos para mejorar su concentración.
latest/win/wrd_script/007/gallery_text_US.SPC	gallery_007.stx	29	And burn those pictures of your girlfriend! You\ndon't have time to indulge in good memories!	¡Y quemen las fotos de su novia! ¡No tienen\ntiempo para gozar de los buenos recuerdos!
latest/win/wrd_script/007/gallery_text_US.SPC	gallery_007.stx	30	But make sure you don't burn your actual\ngirlfriend, cuz you'll go to prison for that!	¡Pero no vayan a quemar a su novia de verdad,\nporque por eso los meten a la cárcel!
latest/win/wrd_script/007/gallery_text_US.SPC	gallery_007.stx	31	Prison might help you focus, but then you\nwouldn't be able to go to your exams!	¡La cárcel podría ayudarles a concentrarse, pero\nluego no podrían ir a sus exámenes!
latest/win/wrd_script/007/gallery_text_US.SPC	gallery_007.stx	32	If you can't focus at all, it's also good to confine\nyourself somewhere and study!	¡Si no logran concentrarse, también es bueno\nencerrarse en algún lugar a estudiar!
latest/win/wrd_script/007/gallery_text_US.SPC	gallery_007.stx	33	I recommend confining yourself in an enemy's\nbase!	¡Les recomiendo encerrarse en la base\nde un enemigo!
latest/win/wrd_script/007/gallery_text_US.SPC	gallery_007.stx	34	The thrill of studying in a place where you might\nget caught does wonders for your focus!	¡La emoción de estudiar donde podrían atraparlos\nhace maravillas por su concentración!
latest/win/wrd_script/007/gallery_text_US.SPC	gallery_007.stx	35	Oh, and I also recommend studying in a\ndisaster zone.	Ah, y también les recomiendo estudiar en\nuna zona de desastre.
latest/win/wrd_script/007/gallery_text_US.SPC	gallery_007.stx	36	The thrill of studying in a place where you could\nactually die does wonders for your focus.	La emoción de estudiar donde de verdad podrían\nmorir hace maravillas por su concentración.
latest/win/wrd_script/007/gallery_text_US.SPC	gallery_007.stx	37	Oh, and I also recommend studying in the\nmiddle of your exams.	Ah, y también les recomiendo estudiar a\nmitad de sus exámenes.
latest/win/wrd_script/007/gallery_text_US.SPC	gallery_007.stx	38	The thrill of knowing it's too late to get any\nstudying done does wonders for your focus.	Saber que ya es muy tarde para estudiar\nhace maravillas por su concentración.
latest/win/wrd_script/007/gallery_text_US.SPC	gallery_007.stx	39	With my advice, you'll beat the competition!\nSo get out there and do your best!	¡Con mis consejos, vencerán a la competencia!\n¡Así que salgan y den lo mejor de sí!
latest/win/wrd_script/007/gallery_text_US.SPC	gallery_007.stx	41	What are you looking at?\nWho...are you guys?	¿Qué están mirando?\n¿Quiénes... son ustedes?
latest/win/wrd_script/007/gallery_text_US.SPC	gallery_007.stx	42	You're probably thinking "This killing game is\ntaking forever. Someone just die already."	Seguro están pensando: "Este juego de asesinato\ntarda una eternidad. Que alguien se muera ya."
latest/win/wrd_script/007/gallery_text_US.SPC	gallery_007.stx	43	That is what you're thinking, right?\nMan, you guys are messed up.	Eso es lo que piensan, ¿verdad?\nVaya, sí que están mal de la cabeza.
latest/win/wrd_script/007/gallery_text_US.SPC	gallery_007.stx	44	But I feel the same way, too.\nGeez, why won't someone just die?	Pero yo pienso igual.\nCielos, ¿por qué nadie se muere de una vez?
latest/win/wrd_script/007/gallery_text_US.SPC	gallery_007.stx	45	Watching people live and die is really the\nbest entertainment.	Ver a la gente vivir y morir es de verdad\nel mejor entretenimiento.
latest/win/wrd_script/007/gallery_text_US.SPC	gallery_007.stx	46	Some people say, "What do you think life\nis?" Honestly, life is worthless.	Hay quien dice: "¿Qué crees que es la vida?"\nSinceramente, la vida no vale nada.
latest/win/wrd_script/007/gallery_text_US.SPC	gallery_007.stx	47	When you die, you are quickly forgotten cuz\nthere's tons of replacements out there.	Cuando mueres, te olvidan rápido porque\nhay montones de reemplazos por ahí.
latest/win/wrd_script/007/gallery_text_US.SPC	gallery_007.stx	48	But if you die in a death game, everyone knows\nwho you are. That itself is a form of happiness.	Pero si mueres en un juego mortal, todos saben\nquién eres. Eso ya es una forma de felicidad.
latest/win/wrd_script/007/gallery_text_US.SPC	gallery_007.stx	49	Puhuhu... Who will find happiness next?\nMy heart's pounding with excitement.	Pupupu... ¿Quién encontrará la felicidad ahora?\nMi corazón late de la emoción.
latest/win/wrd_script/007/gallery_text_US.SPC	gallery_007.stx	50	I need a miracle!	¡Necesito un milagro!
latest/win/wrd_script/007/gallery_text_US.SPC	gallery_007.stx	51	...You pray, right? While you're working,\nliving, and gambling.	...Eso rezan, ¿verdad? Mientras trabajan,\nviven y apuestan.
latest/win/wrd_script/007/gallery_text_US.SPC	gallery_007.stx	52	But miracles happen every day.	Pero los milagros ocurren todos los días.
latest/win/wrd_script/007/gallery_text_US.SPC	gallery_007.stx	53	For example, do you know what the odds\nof the earth existing are?	Por ejemplo, ¿saben qué probabilidad había\nde que la Tierra existiera?
latest/win/wrd_script/007/gallery_text_US.SPC	gallery_007.stx	54	The same as a tornado blowing through a\njunkyard and assembling a working car.	La misma que un tornado pasando por un\ndeshuesadero y armando un auto que funcione.
latest/win/wrd_script/007/gallery_text_US.SPC	gallery_007.stx	55	That's a miracle!	¡Eso es un milagro!
latest/win/wrd_script/007/gallery_text_US.SPC	gallery_007.stx	56	That's why us being alive on earth is a\nmiracle!	¡Por eso, que estemos vivos en la Tierra\nes un milagro!
latest/win/wrd_script/007/gallery_text_US.SPC	gallery_007.stx	57	All kinds of miracles happen every day.\nLife is made up of little miracles.	Todo tipo de milagros ocurren a diario.\nLa vida está hecha de pequeños milagros.
latest/win/wrd_script/007/gallery_text_US.SPC	gallery_007.stx	58	But whenever a miracle does happen, it just gets\nchalked up as fate or destiny or whatever.	Pero cuando ocurre un milagro, siempre se lo\natribuyen al destino, a la suerte o lo que sea.
latest/win/wrd_script/007/gallery_text_US.SPC	gallery_007.stx	59	Be grateful for the miracles that have already\nhappened instead of hoping for new ones.	Agradezcan los milagros que ya ocurrieron\nen lugar de esperar otros nuevos.
latest/win/wrd_script/007/gallery_text_US.SPC	gallery_007.stx	60	If you do that, you should be able to\nenjoy miracles, right?	Si hacen eso, deberían poder disfrutar\nde los milagros, ¿no?
latest/win/wrd_script/007/gallery_text_US.SPC	gallery_007.stx	62	...CURIOUS?	...¿CURIOSIDAD?
latest/win/wrd_script/007/gallery_text_US.SPC	gallery_007.stx	63	...CURIOUS-WHAT-WE-MONOKUBS-DO-\nWHEN-YOU'RE-NOT-AROUND?	...¿CURIOSIDAD-POR-LO-QUE-HACEMOS-\nLOS-MONOKUBS-CUANDO-NO-ESTÁS?
latest/win/wrd_script/007/gallery_text_US.SPC	gallery_007.stx	64	I'LL-TELL-YOU.	TE-LO-DIRÉ.
latest/win/wrd_script/007/gallery_text_US.SPC	gallery_007.stx	65	WE-LISTEN-TO-FOREIGN-MUSIC-AND-\nLAUGH-AT-THE-FUNNY-SOUNDING-WORDS.	ESCUCHAMOS-MÚSICA-EXTRANJERA-Y-NOS-\nREÍMOS-DE-LAS-PALABRAS-QUE-SUENAN-RARO.
latest/win/wrd_script/007/gallery_text_US.SPC	gallery_007.stx	66	WHEN-WE-HEAR-WORDS-THAT-SOUND-\nPERVERTED, WE-GET-REALLY-EXCITED.	CUANDO-OÍMOS-PALABRAS-QUE-SUENAN-\nPERVERTIDAS, NOS-EMOCIONAMOS-MUCHO.
latest/win/wrd_script/007/gallery_text_US.SPC	gallery_007.stx	67	WE-ALSO-WEAR-PAJAMAS-ALL-DAY, AND-\nLOUNGE-IN-AN-AIR-CONDITIONED-ROOM...	TAMBIÉN-ANDAMOS-EN-PIJAMA-TODO-EL-DÍA, Y-\nHOLGAZANEAMOS-EN-UN-CUARTO-CON-AIRE...
latest/win/wrd_script/007/gallery_text_US.SPC	gallery_007.stx	68	AND-WHEN-WE-ALL-GO-OUT-TOGETHER,\nTHEY-USUALLY-MAKE-ME-STEAL.	Y-CUANDO-SALIMOS-TODOS-JUNTOS,\nNORMALMENTE-ME-HACEN-ROBAR.
latest/win/wrd_script/007/gallery_text_US.SPC	gallery_007.stx	69	SEE? WE-RE-ALL-SUCH-GOOD-FRIENDS.\nWE'RE-ALWAYS-TOGETHER.	¿VES? SOMOS-MUY-BUENOS-AMIGOS.\nSIEMPRE-ESTAMOS-JUNTOS.
latest/win/wrd_script/007/gallery_text_US.SPC	gallery_007.stx	70	EXCEPT-WHEN-THEY-RUN-AWAY-WHEN-\nI-GET-CAUGHT-STEALING.	EXCEPTO-CUANDO-SALEN-HUYENDO-SI-\nME-ATRAPAN-ROBANDO.
latest/win/wrd_script/007/gallery_text_US.SPC	gallery_007.stx	71	IN-A-PAST-LIFE, I-WAS...A-FISH.	EN-UNA-VIDA-PASADA, YO-ERA...UN-PEZ.
latest/win/wrd_script/007/gallery_text_US.SPC	gallery_007.stx	72	I-GREW-UP-IN-A-POND-IN-A-PROVINCIAL-TOWN,\nBUT...I-ALWAYS-DREAMED-OF-THE-CITY.	CRECÍ-EN-UN-ESTANQUE-DE-UN-PUEBLO,\nPERO...SIEMPRE-SOÑÉ-CON-LA-CIUDAD.
latest/win/wrd_script/007/gallery_text_US.SPC	gallery_007.stx	73	ONE-DAY, WHILE-MY-PARENTS-WERE-FEEDING,\nI...SNUCK-AWAY-TO-GO-TO-THE-CITY.	UN-DÍA, MIENTRAS-MIS-PADRES-COMÍAN,\nME...ESCAPÉ-PARA-IR-A-LA-CIUDAD.
latest/win/wrd_script/007/gallery_text_US.SPC	gallery_007.stx	74	FORTUNATELY...I-WAS-CAUGHT-BY-A-WEALTHY-\nPERSON, WHO-LET-ME-ATTEND-HUMAN-SCHOOL.	POR-SUERTE...ME-PESCÓ-UNA-PERSONA-RICA,\nQUE-ME-DEJÓ-IR-A-UNA-ESCUELA-HUMANA.
latest/win/wrd_script/007/gallery_text_US.SPC	gallery_007.stx	75	BUT-THE-OTHER-KIDS-BULLIED-ME.	PERO-LOS-OTROS-NIÑOS-ME-ACOSABAN.
latest/win/wrd_script/007/gallery_text_US.SPC	gallery_007.stx	76	THEY-BULLIED-ME-FOR...SILLY-REASONS.	ME-ACOSABAN-POR...RAZONES-TONTAS.
latest/win/wrd_script/007/gallery_text_US.SPC	gallery_007.stx	77	BECAUSE-OF-MY-ODOR...AND-BECAUSE-OF-THE-\nWAY-I-WOULD-FLOP-AROUND-ON-MY-DESK.	POR-MI-OLOR...Y-POR-LA-FORMA-EN-QUE-\nME-SACUDÍA-SOBRE-MI-PUPITRE.
latest/win/wrd_script/007/gallery_text_US.SPC	gallery_007.stx	78	AND-BECAUSE-OF-THE-WAY-MY-MOUTH-\nOPENED-AND-CLOSED, AS-IF-I-WAS-DYING.	Y-POR-LA-FORMA-EN-QUE-MI-BOCA-SE-\nABRÍA-Y-CERRABA, COMO-SI-ME-MURIERA.
latest/win/wrd_script/007/gallery_text_US.SPC	gallery_007.stx	79	THE-TRAUMA-OF-MY-PAST-LIFE...HAUNTS-ME-\nTO-THIS-DAY.	EL-TRAUMA-DE-MI-VIDA-PASADA...ME-PERSIGUE-\nHASTA-HOY.
latest/win/wrd_script/007/gallery_text_US.SPC	gallery_007.stx	80	THAT'S-WHY-I-CAN-NEVER-FORGIVE-BULLYING!	¡POR-ESO-JAMÁS-PERDONARÉ-EL-ACOSO!
latest/win/wrd_script/007/gallery_text_US.SPC	gallery_007.stx	81	I-SWEAR-ON-MY-PAST-LIFE-THAT-I-WILL-\nGET-ALONG-WITH-EVERYONE!	¡JURO-POR-MI-VIDA-PASADA-QUE-ME-\nLLEVARÉ-BIEN-CON-TODOS!
latest/win/wrd_script/007/gallery_text_US.SPC	gallery_007.stx	82	WHAT-IS-THE-POINT-OF-HUMAN-LIFE?	¿CUÁL-ES-EL-SENTIDO-DE-LA-VIDA-HUMANA?
latest/win/wrd_script/007/gallery_text_US.SPC	gallery_007.stx	83	THEY'RE-BORN-AS-USELESS-BABIES-WHO-\nCAN'T-DO-ANYTHING...	NACEN-COMO-BEBÉS-INÚTILES-QUE-\nNO-PUEDEN-HACER-NADA...
latest/win/wrd_script/007/gallery_text_US.SPC	gallery_007.stx	84	AND-70-YEARS-LATER, THEY'RE-USELESS-OLD-\nPEOPLE-WHO-CAN'T-DO-ANYTHING.	Y-70-AÑOS-DESPUÉS, SON-ANCIANOS-INÚTILES-\nQUE-NO-PUEDEN-HACER-NADA.
latest/win/wrd_script/007/gallery_text_US.SPC	gallery_007.stx	85	HAIRLESS, TOOTHLESS, WEARING-DIAPERS...\nUNABLE-TO-TAKE-CARE-OF-THEMSELVES...	SIN-PELO, SIN-DIENTES, CON-PAÑALES...\nSIN-PODER-CUIDARSE-SOLOS...
latest/win/wrd_script/007/gallery_text_US.SPC	gallery_007.stx	86	IN-THE-END, IT'S-ALL-SO-MEANINGLESS.	AL-FINAL, TODO-CARECE-DE-SENTIDO.
latest/win/wrd_script/007/gallery_text_US.SPC	gallery_007.stx	87	Have you ever wondered why soccer players\nhave numbers on their jerseys?	¿Alguna vez se han preguntado por qué los\nfutbolistas llevan números en la camiseta?
latest/win/wrd_script/007/gallery_text_US.SPC	gallery_007.stx	88	It's how many mochi each player gets in the\n<CLT=cltSTRONG>red bean soup<CLT=cltNORMAL> they eat after the game.	Es la cantidad de mochis que le tocan a cada\njugador en la<CLT=cltSTRONG> sopa de frijol rojo<CLT=cltNORMAL> de después.
latest/win/wrd_script/007/gallery_text_US.SPC	gallery_007.stx	89	It's too much work for the guy who's making the\nsoup to check each player after the game.	Al que prepara la sopa le cuesta mucho revisar\na cada jugador después del partido.
latest/win/wrd_script/007/gallery_text_US.SPC	gallery_007.stx	90	It's much easier to check during the game\nwhen the number is on their uniforms.	Es mucho más fácil revisarlo durante el partido\ncuando el número está en el uniforme.
latest/win/wrd_script/007/gallery_text_US.SPC	gallery_007.stx	91	That way, they can just prepare the\n<CLT=cltSTRONG>red bean soup<CLT=cltNORMAL> during the game...	Así, pueden preparar la<CLT=cltSTRONG> sopa de\nfrijol rojo<CLT=cltNORMAL> durante el partido...
latest/win/wrd_script/007/gallery_text_US.SPC	gallery_007.stx	92	And then the red bean soup will be ready to\neat as soon as the game is over.	Y la sopa de frijol rojo estará lista para\ncomer en cuanto termine el partido.
latest/win/wrd_script/007/gallery_text_US.SPC	gallery_007.stx	93	And if players want a different number of mochi,\nthey can just trade jerseys with each other.	Y si un jugador quiere otra cantidad de mochis,\nsolo tiene que cambiar camisetas con otro.
latest/win/wrd_script/007/gallery_text_US.SPC	gallery_007.stx	94	You know how after the game, players will\nsometimes trade jerseys?	¿Saben que después del partido, a veces\nlos jugadores intercambian camisetas?
latest/win/wrd_script/007/gallery_text_US.SPC	gallery_007.stx	95	That's how they exchange the number of\nmochi they have to eat after the game.	Así intercambian la cantidad de mochis\nque comerán después del partido.
latest/win/wrd_script/007/gallery_text_US.SPC	gallery_007.stx	96	Oh, but for baseball jerseys, the number is how\nmany pieces of meat they get in their curry.	Ah, pero en béisbol, el número es cuántos\ntrozos de carne les tocan en el curry.
latest/win/wrd_script/007/gallery_text_US.SPC	gallery_007.stx	97	And for volleyball, it's how many pieces of\nsliced pork they get in their ramen...	Y en vóleibol, es cuántas rebanadas de\ncerdo les tocan en el ramen...
latest/win/wrd_script/007/gallery_text_US.SPC	gallery_007.stx	98	As you can see, jersey numbers vary greatly\ndepending on the sport.	Como pueden ver, los números de las camisetas\nvarían mucho según el deporte.
latest/win/wrd_script/007/gallery_text_US.SPC	gallery_007.stx	99	This has been the Random Trivia Corner,\nbrought to you by Monokuma!	¡Esto fue el Rincón de Datos Inútiles,\npresentado por Monokuma!
latest/win/wrd_script/007/gallery_text_US.SPC	gallery_007.stx	100	You can trust a dishonest man to be dishonest.\nIt's the honest ones you wanna watch out for...	Puedes confiar en que un tramposo hará trampa.\nHay que cuidarse de los honestos...
latest/win/wrd_script/007/gallery_text_US.SPC	gallery_007.stx	101	Cuz you can never predict when they're\ngonna do something...incredibly stupid.	Porque nunca sabes cuándo van a hacer\nalgo... increíblemente estúpido.
latest/win/wrd_script/007/gallery_text_US.SPC	gallery_007.stx	102	It's honestly easier to go through life without\ntelling a single lie.	Sinceramente, es más fácil ir por la vida\nsin decir una sola mentira.
latest/win/wrd_script/007/gallery_text_US.SPC	gallery_007.stx	103	Which means honest people are just lazy jerks\nwho'd rather coast through life.	O sea que los honestos son solo unos flojos\nque prefieren ir por la vida sin esfuerzo.
latest/win/wrd_script/007/gallery_text_US.SPC	gallery_007.stx	104	By the way, the recent trend of encouraging\nhonesty is actually a lie.	Por cierto, la moda reciente de fomentar\nla honestidad es en realidad una mentira.
latest/win/wrd_script/007/gallery_text_US.SPC	gallery_007.stx	105	You see, it's better for liars if there are more\nhonest people in the world to deceive.	Verán, a los mentirosos les conviene que haya\nmás gente honesta en el mundo a quien engañar.
latest/win/wrd_script/007/gallery_text_US.SPC	gallery_007.stx	106	They've been lying about that trend so there\ncan be more stupid honest people.	Han mentido sobre esa moda para que haya\nmás gente honesta y tonta.
latest/win/wrd_script/007/gallery_text_US.SPC	gallery_007.stx	107	...But that might be a lie, too. Puhuhuhuhu.	...Aunque eso también podría ser mentira.\nPupupupupu.
latest/win/wrd_script/007/gallery_text_US.SPC	gallery_007.stx	108	Recklessness is a beautiful thing.	La imprudencia es algo hermoso.
latest/win/wrd_script/007/gallery_text_US.SPC	gallery_007.stx	109	It's so beautiful, I want to print the words\n"Reckless Beauty" on a t-shirt.	Es tan hermosa que quiero estampar las palabras\n"Belleza Imprudente" en una playera.
latest/win/wrd_script/007/gallery_text_US.SPC	gallery_007.stx	110	Because recklessness is the stuff that\ndreams are made of.	Porque la imprudencia es de lo que\nestán hechos los sueños.
latest/win/wrd_script/007/gallery_text_US.SPC	gallery_007.stx	111	It's what makes you run at full speed, with\nno regard for your limitations.	Es lo que te hace correr a toda velocidad,\nsin importar tus limitaciones.
latest/win/wrd_script/007/gallery_text_US.SPC	gallery_007.stx	112	It's what makes you excited by anything.	Es lo que hace que todo te emocione.
latest/win/wrd_script/007/gallery_text_US.SPC	gallery_007.stx	113	Some say it's foolish, but recklessness is\nwhat causes new events to unfold.	Dicen que es una tontería, pero la imprudencia\nes lo que hace que pasen cosas nuevas.
latest/win/wrd_script/007/gallery_text_US.SPC	gallery_007.stx	114	So while you're still alive, live your life so\nrecklessly that it makes you immortal.	Así que mientras sigas vivo, vive tu vida tan\nimprudentemente que te vuelva inmortal.
latest/win/wrd_script/007/gallery_text_US.SPC	gallery_007.stx	115	And if haters laugh at you, let them. They just\ndon't appreciate reckless beauty like you do.	Si los envidiosos se ríen de ti, déjalos. Ellos\nno aprecian la belleza imprudente como tú.
latest/win/wrd_script/007/gallery_text_US.SPC	gallery_007.stx	116	Did you know that when you talk to someone on\na cell phone, you're not hearing their real voice?	¿Sabían que cuando hablan con alguien por\ncelular, no están oyendo su voz real?
latest/win/wrd_script/007/gallery_text_US.SPC	gallery_007.stx	117	Their voice is converted to synthetic sound\nwhile you're both communicating.	Su voz se convierte en un sonido sintético\nmientras se comunican.
latest/win/wrd_script/007/gallery_text_US.SPC	gallery_007.stx	118	By breaking down their voice into various\nwaveform patterns...	Al descomponer su voz en varios patrones\nde ondas...
latest/win/wrd_script/007/gallery_text_US.SPC	gallery_007.stx	119	The phone reassembles those patterns to\nrecreate characteristics of the speaker's voice.	El teléfono vuelve a armar esos patrones para\nrecrear las características de la voz.
latest/win/wrd_script/007/gallery_text_US.SPC	gallery_007.stx	120	This reduces the amount of voice data that\nneeds to be sent to make the call possible.	Así se reduce la cantidad de datos de voz que\nhay que enviar para que la llamada funcione.
latest/win/wrd_script/007/gallery_text_US.SPC	gallery_007.stx	121	Also, you know how shaved ice has flavored\nsyrups such as strawberry, melon, and lemon?	Además, ¿saben que los raspados tienen jarabes\nde sabores como fresa, melón y limón?
latest/win/wrd_script/007/gallery_text_US.SPC	gallery_007.stx	122	They're all the same flavor. The only difference\nis the aroma and the food coloring dye.	Todos saben igual. La única diferencia\nes el aroma y el colorante.
latest/win/wrd_script/007/gallery_text_US.SPC	gallery_007.stx	123	Do you think these facts are lies?\nDo you deny that these facts are lies?	¿Creen que estos datos son mentira?\n¿Niegan que estos datos sean mentira?
latest/win/wrd_script/007/gallery_text_US.SPC	gallery_007.stx	124	Puhuhu. What would the world be like if\nall lies were denied outright?	Pupupu. ¿Cómo sería el mundo si se negaran\ntodas las mentiras de golpe?
latest/win/wrd_script/007/gallery_text_US.SPC	gallery_007.stx	125	I bet it would be a very lonesome world.\nLies are what make the world go 'round.	Seguro sería un mundo muy solitario.\nLas mentiras son las que mueven el mundo.
latest/win/wrd_script/007/gallery_text_US.SPC	gallery_007.stx	126	If you're searching for the meaning of life,\nyou're already doing it wrong.	Si estás buscando el sentido de la vida,\nya lo estás haciendo mal.
latest/win/wrd_script/007/gallery_text_US.SPC	gallery_007.stx	127	Your life doesn't need a <CLT=cltSTRONG>meaning<CLT=typeNORMAL>,.\nIt just needs a <CLT=cltSTRONG>purpose<CLT=typeNORMAL>.	Tu vida no necesita un <CLT=cltSTRONG>sentido<CLT=typeNORMAL>.\nSolo necesita un <CLT=cltSTRONG>propósito<CLT=typeNORMAL>.
latest/win/wrd_script/007/gallery_text_US.SPC	gallery_007.stx	128	In other words, you just need something\nto live for.	En otras palabras, solo necesitas algo\npor lo cual vivir.
latest/win/wrd_script/007/gallery_text_US.SPC	gallery_007.stx	129	You can live for spending time with loved\nones, or chasing dreams...	Puedes vivir para pasar tiempo con tus\nseres queridos, o para perseguir sueños...
latest/win/wrd_script/007/gallery_text_US.SPC	gallery_007.stx	130	You can even live for eating delicious food,\nor playing games...	Incluso puedes vivir para comer rico,\no para jugar videojuegos...
latest/win/wrd_script/007/gallery_text_US.SPC	gallery_007.stx	131	Most people can get by as long as they have\nsomething to live for.	La mayoría sale adelante mientras tenga\nalgo por lo cual vivir.
latest/win/wrd_script/007/gallery_text_US.SPC	gallery_007.stx	132	If you say Danganronpa is your reason to live,\nI couldn't be happier.	Si dices que Danganronpa es tu razón de vivir,\nno podría estar más feliz.
latest/win/wrd_script/007/gallery_text_US.SPC	gallery_007.stx	133	Puhuhu... Please keep it up.	Pupupu... Por favor, sigan así.
latest/win/wrd_script/007/gallery_text_US.SPC	gallery_007.stx	134	...Don't panic. Just stay calm and listen.	...No entren en pánico. Solo mantengan\nla calma y escuchen.
latest/win/wrd_script/007/gallery_text_US.SPC	gallery_007.stx	135	Well, if you're watching this Monokuma\nTheater segment, it's already too late.	Bueno, si están viendo este segmento del Teatro\nMonokuma, ya es demasiado tarde.
latest/win/wrd_script/007/gallery_text_US.SPC	gallery_007.stx	136	You kids might not know, but to a 100% cotton\nmascot like me, hope is...	Quizás no lo sepan, pero para una mascota de\n100% algodón como yo, la esperanza es...
latest/win/wrd_script/007/gallery_text_US.SPC	gallery_007.stx	137	The thought of seeing young people brimming\nwith hope, killing each other just to survive.	Pensar en jóvenes rebosantes de esperanza\nmatándose entre sí solo para sobrevivir.
latest/win/wrd_script/007/gallery_text_US.SPC	gallery_007.stx	138	Watching their hope fade away... There's\nnothing more despair-inducing than that...	Ver cómo su esperanza se desvanece... No hay\nnada que cause más desesperación que eso...
latest/win/wrd_script/007/gallery_text_US.SPC	gallery_007.stx	139	My dear students, carrying humanity's hope...\nBetraying, deceiving, and killing each other...	Mis alumnos, con la esperanza de la humanidad...\nTraicionándose, engañándose y matándose...
latest/win/wrd_script/007/gallery_text_US.SPC	gallery_007.stx	140	It makes me...oh-so sad...	Me pone... taaan triste...
latest/win/wrd_script/007/gallery_text_US.SPC	gallery_007.stx	141	Oh, how I long to see everyone's despairing\nfaces, soaked in blood and tears...	Ay, cómo anhelo ver las caras desesperadas de\ntodos, empapadas en sangre y lágrimas...
latest/win/wrd_script/007/gallery_text_US.SPC	gallery_007.stx	143	I've gone and done it.	Ya lo hice.
latest/win/wrd_script/007/gallery_text_US.SPC	gallery_007.stx	144	Wow! The trial is racing toward its thrilling\nconclusion! Do you know who the culprit is?	¡Guau! ¡El juicio se acerca a su emocionante\nfinal! ¿Saben quién es el culpable?
latest/win/wrd_script/007/gallery_text_US.SPC	gallery_007.stx	145	Obviously, I know.\nCuz I know everything.	Obviamente, yo sí.\nPorque lo sé todo.
latest/win/wrd_script/007/gallery_text_US.SPC	gallery_007.stx	146	What!? Know everything!?	¡¿Qué?! ¡¿Lo sabes todo?!
latest/win/wrd_script/007/gallery_text_US.SPC	gallery_007.stx	147	No! Everything!	¡No! ¡Todo!
latest/win/wrd_script/007/gallery_text_US.SPC	gallery_007.stx	148	Daddy knows everything about anything.\nHe basically traded his bearhood for godhood.	Papi lo sabe todo sobre cualquier cosa.\nBásicamente cambió lo de oso por lo de dios.
latest/win/wrd_script/007/gallery_text_US.SPC	gallery_007.stx	149	YES... HE-HAS-BETRAYED-HIS-\nURSINE-ANCESTORS.	SÍ... HA-TRAICIONADO-A-SUS-\nANCESTROS-OSUNOS.
latest/win/wrd_script/007/gallery_text_US.SPC	gallery_007.stx	150	Traded? No, I'm still obviously a bear.\nIt is obvious, right? Right, you guys?	¿Cambió? No, obviamente sigo siendo un oso.\nEs obvio, ¿verdad? ¿Verdad, chicos?
latest/win/wrd_script/007/gallery_text_US.SPC	gallery_007.stx	151	Ya sure ain't no fish!\nBut ya damn sure smell like one!	¡Pez no eres, eso seguro!\n¡Pero hueles igualito a uno, carajo!
latest/win/wrd_script/007/gallery_text_US.SPC	gallery_007.stx	152	Anyway, since I know everything,\nI'll give you the whole story later.	En fin, como lo sé todo,\nluego les cuento la historia completa.
latest/win/wrd_script/007/gallery_text_US.SPC	gallery_007.stx	153	Try your hardest to nab the culprit.\nAnd believe me, that's no lie.	Esfuércense al máximo por atrapar al culpable.\nY créanme, eso no es mentira.
latest/win/wrd_script/007/gallery_text_US.SPC	gallery_007.stx	154	If I lied, it would shake the game\nto its very foundation.	Si yo mintiera, el juego se sacudiría\nhasta sus cimientos.
latest/win/wrd_script/007/gallery_text_US.SPC	gallery_007.stx	155	So trust me and please enjoy the\nclass trial without any worries.	Así que confíen en mí y disfruten del\nJuicio Escolar sin preocupaciones.
latest/win/wrd_script/007/gallery_text_US.SPC	gallery_007.stx	156	Now then, it seems the voting has finished. \nLet's see the result.	Bien, parece que la votación ha terminado. \nVeamos el resultado.
latest/win/wrd_script/007/gallery_text_US.SPC	gallery_007.stx	157	Who'll be chosen as the blackened!? Will you make\nthe right choice or the dreadfully wrong one!?	¡¿Quién será el ennegrecido?! ¡¿Elegirán bien\no se equivocarán terriblemente?!
latest/win/wrd_script/007/gallery_text_US.SPC	gallery_007.stx	158	W-Wait a second! What result!?\nVoting Time hasn't happened yet!	¡E-espera un segundo! ¡¿Qué resultado?!\n¡Todavía no ha sido la Hora de Votar!
latest/win/wrd_script/007/gallery_text_US.SPC	gallery_007.stx	159	Yes it has! Don't you remember, Monosuke!?	¡Claro que sí! ¡¿No te acuerdas, Monosuke?!
latest/win/wrd_script/007/gallery_text_US.SPC	gallery_007.stx	160	No, it hasn't! You're the one who\ndoesn't remember, Monotaro!	¡Claro que no! ¡Tú eres el que no\nse acuerda, Monotaro!
latest/win/wrd_script/007/gallery_text_US.SPC	gallery_007.stx	161	Aw man, you're right.\nSilly me, I'm so forgetful.	Ay, tienes razón.\nQué tonto soy, se me olvida todo.
latest/win/wrd_script/007/gallery_text_US.SPC	gallery_007.stx	162	Wow...I didn't expect you all to get\nso worked up over such a small lie.	Vaya... no esperaba que se alteraran\ntanto por una mentirita.
latest/win/wrd_script/007/gallery_text_US.SPC	gallery_007.stx	163	You kids are pretty gullible, huh?	Ustedes sí que son crédulos, ¿eh?
latest/win/wrd_script/007/gallery_text_US.SPC	gallery_007.stx	164	Well anyway, let's just skip this trial\nand jump ahead to Chapter 3!	Bueno, saltémonos este juicio\n¡y vayamos directo al Capítulo 3!
latest/win/wrd_script/007/gallery_text_US.SPC	gallery_007.stx	165	W-Wait a second!\nWe don't know the culprit yet!	¡E-espera un segundo!\n¡Todavía no sabemos quién es el culpable!
latest/win/wrd_script/007/gallery_text_US.SPC	gallery_007.stx	166	Yeah! Who killed Rantaro!?	¡Sí! ¡¿Quién mató a Rantaro?!
latest/win/wrd_script/007/gallery_text_US.SPC	gallery_007.stx	167	That was Chapter 1's case!\nHow can you be this forgetful!?	¡Ese fue el caso del Capítulo 1!\n¡¿Cómo puedes ser tan olvidadizo?!
latest/win/wrd_script/007/gallery_text_US.SPC	gallery_007.stx	169	Looks like we've reached the intermission\nsegment, which means it's time for our...	Parece que llegamos al intermedio,\nlo que significa que es hora de nuestro...
latest/win/wrd_script/007/gallery_text_US.SPC	gallery_007.stx	170	Guess the Victim Quiz!	¡Adivina la Víctima!
latest/win/wrd_script/007/gallery_text_US.SPC	gallery_007.stx	171	A victim quiz!? Not a culprit quiz!?	¡¿Un concurso de víctimas?! ¡¿No de culpables?!
latest/win/wrd_script/007/gallery_text_US.SPC	gallery_007.stx	172	The only victims are the people who are\nstill watching this drawn-out, boring crap...	Las únicas víctimas son los que siguen viendo\nesta porquería aburrida y alargada...
latest/win/wrd_script/007/gallery_text_US.SPC	gallery_007.stx	173	Why are you being such a downer all\nof a sudden?	¿Por qué de repente te pusiste\ntan deprimente?
latest/win/wrd_script/007/gallery_text_US.SPC	gallery_007.stx	174	IT-IS-OKAY...\nI-AM-SURE-EVERYONE-IS-HAPPY.	TODO-ESTÁ-BIEN...\nESTOY-SEGURO-DE-QUE-TODOS-ESTÁN-FELICES.
latest/win/wrd_script/007/gallery_text_US.SPC	gallery_007.stx	175	How do you know!? They could be skipping\nthis entire conversation for all you know!	¡¿Cómo lo sabes?! ¡A lo mejor se están saltando\ntoda esta conversación!
latest/win/wrd_script/007/gallery_text_US.SPC	gallery_007.stx	176	I can't take it! I can't take it anymore!\nI'm the real victim here! Meeee!	¡No lo soporto! ¡Ya no lo soporto!\n¡Yo soy la verdadera víctima! ¡Yooo!
latest/win/wrd_script/007/gallery_text_US.SPC	gallery_007.stx	177	Why are *you* getting upset!?	¡¿Por qué *tú* te pones así?!
latest/win/wrd_script/007/gallery_text_US.SPC	gallery_007.stx	178	If anything, I'm the real victim! I gotta put\nup all this nonsense all the time!	¡Si acaso, yo soy la verdadera víctima! ¡Tengo\nque aguantar todas estas tonterías siempre!
latest/win/wrd_script/007/gallery_text_US.SPC	gallery_007.stx	180	That's the right answer, Monodam!	¡Respuesta correcta, Monodam!
latest/win/wrd_script/007/gallery_text_US.SPC	gallery_007.stx	181	Why!? He hasn't said anything!	¡¿Por qué?! ¡Si no ha dicho nada!
latest/win/wrd_script/007/gallery_text_US.SPC	gallery_007.stx	182	Exactly! Cuz there are no victims.	¡Exacto! Porque no hay víctimas.
latest/win/wrd_script/007/gallery_text_US.SPC	gallery_007.stx	183	Yep... Even if you're killed in this killing\ngame, you're a winner.	Sip... Aunque te maten en este juego\nde asesinato, sales ganando.
latest/win/wrd_script/007/gallery_text_US.SPC	gallery_007.stx	184	Cuz then everyone mourns you, and you get\ntons of posthumous popularity!	¡Porque todos te lloran, y te vuelves\nsúper popular después de muerto!
latest/win/wrd_script/007/gallery_text_US.SPC	gallery_007.stx	185	Oh, Daddy! You don't need to reveal these\nkinda behind-the-scene details!	¡Ay, papi! ¡No tienes que revelar esos\ndetalles de detrás de cámaras!
latest/win/wrd_script/007/gallery_text_US.SPC	gallery_007.stx	186	Dying makes you more popular!?\nThen we gotta die soon, too!	¡¿Morir te hace más popular?!\n¡Entonces nosotros también hay que morir pronto!
latest/win/wrd_script/007/gallery_text_US.SPC	gallery_007.stx	188	Man, I'm bushed. I got no motivation at all.\nAnd Monophanie's period is late, too.	Ay, estoy molido. No tengo nada de ganas.\nY a Monophanie se le atrasó el periodo.
latest/win/wrd_script/007/gallery_text_US.SPC	gallery_007.stx	189	*gasp!*	*¡ah!*
latest/win/wrd_script/007/gallery_text_US.SPC	gallery_007.stx	190	Father... Why do you know Monophanie's\ncycle...?	Padre... ¿Por qué conoces el ciclo\nde Monophanie...?
latest/win/wrd_script/007/gallery_text_US.SPC	gallery_007.stx	191	Never mind that... Perhaps this lack of\nmotivation is due to a lack of hibernation.	Olvida eso... Quizás esta falta de ganas\nse deba a la falta de hibernación.
latest/win/wrd_script/007/gallery_text_US.SPC	gallery_007.stx	192	Lack of hibernation...?	¿Falta de hibernación...?
latest/win/wrd_script/007/gallery_text_US.SPC	gallery_007.stx	193	Yeah... I haven't been sleeping well lately,\nso I haven't really been able to hibernate...	Sí... Últimamente no he dormido bien,\nasí que no he podido hibernar...
latest/win/wrd_script/007/gallery_text_US.SPC	gallery_007.stx	194	That's awful... What could be causing it?	Qué horrible... ¿Qué lo estará causando?
latest/win/wrd_script/007/gallery_text_US.SPC	gallery_007.stx	195	Is it cuz you have a lot on your mind?	¿Es porque tienes muchas cosas en la cabeza?
latest/win/wrd_script/007/gallery_text_US.SPC	gallery_007.stx	196	Hmm...	Mmm...
latest/win/wrd_script/007/gallery_text_US.SPC	gallery_007.stx	197	Is it cuz the graveyard shift pays\na better hourly wage?	¿Es porque el turno de noche paga\nmejor por hora?
latest/win/wrd_script/007/gallery_text_US.SPC	gallery_007.stx	198	Hmmmm...	Mmmmm...
latest/win/wrd_script/007/gallery_text_US.SPC	gallery_007.stx	199	Is it cuz you don't want them to think\nyou're just goofing around?	¿Es porque no quieres que piensen\nque solo estás holgazaneando?
latest/win/wrd_script/007/gallery_text_US.SPC	gallery_007.stx	200	Hmmmmmm...	Mmmmmmm...
latest/win/wrd_script/007/gallery_text_US.SPC	gallery_007.stx	201	Is it cuz you wanna stay friends?	¿Es porque quieres que sigan siendo amigos?
latest/win/wrd_script/007/gallery_text_US.SPC	gallery_007.stx	202	Hmmmmmmmm...	Mmmmmmmmm...
latest/win/wrd_script/007/gallery_text_US.SPC	gallery_007.stx	203	Is it cuz you wanna watch it in real-time?	¿Es porque quieres verlo en tiempo real?
latest/win/wrd_script/007/gallery_text_US.SPC	gallery_007.stx	206	...Father?	...¿Padre?
latest/win/wrd_script/007/gallery_text_US.SPC	gallery_007.stx	207	He's gone into hibernation...\nWe should let him be...	Se fue a hibernar...\nMejor dejémoslo tranquilo...
latest/win/wrd_script/007/gallery_text_US.SPC	gallery_007.stx	208	Yeah, you're right... Night, night.	Sí, tienes razón... Buenas noches.
latest/win/wrd_script/007/gallery_text_US.SPC	gallery_007.stx	209	And then, the Monokuma & Kubs Theater\nsegment began.	Y entonces, comenzó el segmento del\nTeatro de Monokuma y los Kubs.
latest/win/wrd_script/007/gallery_text_US.SPC	gallery_007.stx	210	But with all the Monokubs destroyed, this\nsegment was no longer possible.	Pero con todos los Monokubs destruidos,\nel segmento ya no era posible.
latest/win/wrd_script/007/gallery_text_US.SPC	gallery_007.stx	211	And so, the curtain quickly fell.	Y así, el telón cayó rápidamente.
latest/win/wrd_script/007/gallery_text_US.SPC	shinmitsu_15.stx	0	Yes	Sí
latest/win/wrd_script/007/gallery_text_US.SPC	shinmitsu_15.stx	2	Are you unsure of something?	¿Tienes alguna duda?
latest/win/wrd_script/007/gallery_text_US.SPC	shinmitsu_15.stx	3	<CLT=cltSYSTEM>Would you like to leave the casino?	<CLT=cltSYSTEM>¿Quieres salir del casino?
