latest/win/game_resident/game_resident_US.spc	A-KotodamaSetumei2.stx	31	Locked handcuffs that were in the water\ntank for the Underwater Escape Act.\n\nSince it was made out of stainless steel,\nit was difficult to leave any marks, but\nsmall scratches were still visible.\n\nIt seems to have been taken out of the\nshower room in the Ultimate Tennis\nPro's lab.	Esposas cerradas dentro del tanque de\nagua para el Acto de Escape Acuático.\n\nAl ser de acero inoxidable, era difícil\ndejar marcas, pero aún se ven pequeños\narañazos.\n\nParece que las sacaron de las duchas\ndel laboratorio del Tenista Pro\nDefinitivo.
latest/win/game_resident/game_resident_US.spc	A-KotodamaSetumei2.stx	34	The window frame of the top window in\nthe gym. It had distinct abrasions, as if\nit was scratched by something.\n\nThere was the same distinct abrasions\non the window frame of the Ultimate\nTennis Pro's lab window. The window\nfaced the pool and gym.	El marco de la ventana superior en el\ngimnasio. Tenía abrasiones claras, como si\nhubiera sido arañado por algo.\n\nEl marco de la ventana del laboratorio\ndel Tenista Pro Definitivo tenía las\nmismas abrasiones. Esa ventana daba\na la piscina y al gimnasio.
latest/win/game_resident/game_resident_US.spc	A-KotodamaSetumei2.stx	60	The victim is the Ultimate Artist,\nAngie Yonaga.\n\nThe victim's body was discovered\nin the Ultimate Artist's research lab.\n\nThe time of death is approximately\n2:00 a.m.\n\nThe victim was killed by a fatal\nstab wound to the torso.\nAdditionally, she has lacerations\non her forehead.\n\nThe second victim is the Ultimate\nAikido Master, Tenko Chabashira.\n\nThe victim's body was discovered in\na vacant room on the fourth floor.\nThe estimated time of death\nis 11:00 a.m.\n\nThe victim was stabbed in the back\nof her neck, resulting in death.\nNo other injuries were detected.	La víctima es la Artista Definitiva,\nAngie Yonaga.\n\nEl cuerpo de la víctima fue descubierto\nen el lab. de investigación de la\nArtista Definitiva.\n\nLa hora de muerte fue aproximadamente\na las 2:00 a. m.\n\nLa víctima murió por una puñalada fatal\nen el torso.\nAdemás, presenta laceraciones\nen la frente.\n\nLa segunda víctima es la Maestra de\nAikido Definitiva, Tenko Chabashira.\n\nEl cuerpo de la víctima fue descubierto\nen un cuarto vacío del cuarto piso.\nLa hora estimada de muerte\nes a las 11:00 a. m.\n\nLa víctima murió apuñalada en\nla nuca.\nNo se detectaron otras heridas.
latest/win/game_resident/game_resident_US.spc	A-KotodamaSetumei2.stx	64	It was stabbed into the hung\nKaede effigy.\n\nBecause the katana is so old, the\nhandle's gold leaf rubs off easily.\nThere was blood on the tip.\n\nIt was taken from the Ultimate\nAnthropologist's lab, so only the\nsheath was left in the display case.\nAnyone could've entered the lab.	Estaba clavada en la efigie colgada\nde Kaede.\n\nDebido a que la katana es muy antigua,\nel pan de oro del mango se desprende\nfácilmente.\nTenía sangre en la punta.\n\nLa sacaron del laboratorio del\nAntropólogo Definitivo, así que en la\nvitrina solo quedó la vaina.\nCualquiera pudo entrar al laboratorio.
latest/win/game_resident/game_resident_US.spc	A-KotodamaSetumei2.stx	73	The loose floorboard right below Tenko.\nIt was not loose before the seance.\n\nThere was dried blood on the\nbottom part of the floorboard.	La tabla suelta justo debajo de Tenko.\nNo estaba suelta antes de la sesión.\n\nHabía sangre seca en la parte\ninferior de la tabla.
latest/win/game_resident/game_resident_US.spc	A-KotodamaSetumei2.stx	103	Found frozen and collapsed in the\nsnow between the chapel and the\nwall where the Virtual World ends.\nWhen a user logs out, their avatar\ndisappears, but if the user's real\nbody dies, the avatar stays in\nthe Virtual World.\n\nSince avatars cannot be injured,\nit doesn't look any different from\nwhen Miu was alive.\n\nEverything in the killing game\nsimulator is assigned one of\ntwo categories—"human"\nor "object." Most avatars are\nset to "human." However, Miu's\navatar was the only one that\nwas set to "object."	Encontrado congelado y tirado en la\nnieve entre la capilla y la pared\ndonde termina el Mundo Virtual.\nCuando un usuario cierra sesión, su\navatar desaparece, pero si el cuerpo\nreal del usuario muere, el avatar\npermanece en el Mundo Virtual.\n\nDado que los avatares no pueden sufrir\ndaño, no se ve ninguna diferencia con\nrespecto a cuando Miu estaba viva.\n\nTodo en el simulador del juego de\nasesinato pertenece a una de dos\ncategorías: "humano" u "objeto".\nCasi todos los avatares son\n"humano". Sin embargo, el avatar\nde Miu era el único que estaba\nconfigurado como "objeto".
latest/win/game_resident/game_resident_US.spc	A-KotodamaSetumei2.stx	127	A disassembled crossbow from the\nUltimate Assassin's research lab.\n\nIt was stored in a large black\ncase. It was complicated to\nassemble and would be difficult\nfor anyone who wasn't taught how.	Una ballesta desmontada procedente\ndel laboratorio de investigación de la\nAsesina Definitiva.\n\nEstaba guardada en un gran estuche\nnegro. Era complicada de armar y\nsería difícil para alguien a quien\nno le hubieran enseñado cómo.
latest/win/game_resident/game_resident_US.spc	A-KotodamaSetumei2.stx	168	According to Motherkuma,\nthe mastermind goes to the\nhidden room in the library\nquite often.\n\nIn addition, the classroom\nthat creates Flashback\nLights reverts to its original\nstate when its door is opened.\n\nIt seems as though the person\noperating it was being cautious\nnot to be seen by anyone.	Según Motherkuma, la mente maestra va\ncon bastante frecuencia a la habitación\nsecreta de la biblioteca.\n\nAdemás, el aula que crea las\nLinternas Flashback vuelve a su\nestado original cuando se abre\nsu puerta.\n\nParece que quien la operaba tenía\ncuidado de que nadie lo viera.
latest/win/game_resident/game_resident_US.spc	A-SkillSetumei.stx	39	Lets the cursor move freely, no matter\nhow far the opponent has pushed.\nEfectiva durante Confrontaciones Refutadoras.	Permite mover la retícula libremente, sin\nimportar cuánto haya empujado el rival.\nEfectiva durante Confrontaciones Refutadoras.
latest/win/game_resident/game_resident_US.spc	B-TechouTsushinboReport.stx	43	Himiko ended up saving her master during\na magic trick gone awry, and he ran away\nfrom the shame. She has not seen him since.	Himiko terminó salvando a su maestro cuando\nun truco de magia salió mal, y él huyó\npor la vergüenza. No lo ha visto desde entonces.
latest/win/game_resident/game_resident_US.spc	Mtb-Voice.stx	16	That's	¡Esa es
latest/win/game_resident/game_resident_US.spc	Mtb-Voice.stx	17	the truth	la verdad
latest/win/game_resident/game_resident_US.spc	Mtb-Voice.stx	18	of this	de este
latest/win/game_resident/game_resident_US.spc	Mtb-Voice.stx	19	case!	caso!
latest/win/game_resident/game_resident_US.spc	Mtb-Voice.stx	20	And that's	¡Y eso
latest/win/game_resident/game_resident_US.spc	Mtb-Voice.stx	21	all	es todo
latest/win/game_resident/game_resident_US.spc	Mtb-Voice.stx	22	there is	lo que
latest/win/game_resident/game_resident_US.spc	Mtb-Voice.stx	23	to it!	hay que decir!
latest/win/game_resident/game_resident_US.spc	O-Event.stx	1	Invitation to Despair	Invitación a la desesperación
latest/win/game_resident/game_resident_US.spc	O-Event.stx	2	Who Came Rolling In	Los que llegaron rodando
latest/win/game_resident/game_resident_US.spc	O-Event.stx	3	Kidnapping	Secuestro
latest/win/game_resident/game_resident_US.spc	O-Event.stx	4	Beginning of Despair	El comienzo de la desesperación
latest/win/game_resident/game_resident_US.spc	O-Event.stx	5	15 Friends	15 amigos
latest/win/game_resident/game_resident_US.spc	O-Event.stx	6	Despair Robot	Robot de la desesperación
latest/win/game_resident/game_resident_US.spc	O-Event.stx	7	Re: Vida Escolar From 0	Re: Vida Escolar Desde 0
latest/win/game_resident/game_resident_US.spc	O-Event.stx	8	Invitation to Despair Level 2	Invitación a la desesperación nivel 2
latest/win/game_resident/game_resident_US.spc	O-Event.stx	9	Who Came Rolling In Again	Los que llegaron rodando otra vez
latest/win/game_resident/game_resident_US.spc	O-Event.stx	10	Kaede's Story	La historia de Kaede
latest/win/game_resident/game_resident_US.spc	O-Event.stx	11	Mysterious Device	Dispositivo misterioso
latest/win/game_resident/game_resident_US.spc	O-Event.stx	12	The Sealed Academy	La academia sellada
latest/win/game_resident/game_resident_US.spc	O-Event.stx	13	Hello Despair Robot!	¡Hola, robot de la desesperación!
latest/win/game_resident/game_resident_US.spc	O-Event.stx	14	Super Exisal Battle	Súper batalla de Exisals
latest/win/game_resident/game_resident_US.spc	O-Event.stx	15	Punish the Monokuma God	Castigo al dios Monokuma
latest/win/game_resident/game_resident_US.spc	O-Event.stx	16	Punish the Red Bear	Castigo al oso rojo
latest/win/game_resident/game_resident_US.spc	O-Event.stx	17	Trial Explanation V3	Explicación del juicio V3
latest/win/game_resident/game_resident_US.spc	O-Event.stx	18	Monokuma's Eyes V3	Los ojos de Monokuma V3
latest/win/game_resident/game_resident_US.spc	O-Event.stx	19	Fight to Survive!	¡Lucha por sobrevivir!
latest/win/game_resident/game_resident_US.spc	O-Event.stx	20	The Killing Game Begins	Empieza el juego de asesinato
latest/win/game_resident/game_resident_US.spc	O-Event.stx	21	Academy Rules	Reglas de la academia
latest/win/game_resident/game_resident_US.spc	O-Event.stx	22	The Reliable Gonta!	¡El confiable Gonta!
latest/win/game_resident/game_resident_US.spc	O-Event.stx	23	Welcome to Despair	Bienvenidos a la desesperación
latest/win/game_resident/game_resident_US.spc	O-Event.stx	24	You Want Despair Again!?	¡¿Quieren desesperación otra vez?!
latest/win/game_resident/game_resident_US.spc	O-Event.stx	25	Monokuma's Motive Videos	Los videos de motivación de Monokuma
latest/win/game_resident/game_resident_US.spc	O-Event.stx	26	Monokuma Dead!?	¡¿Monokuma muerto?!
latest/win/game_resident/game_resident_US.spc	O-Event.stx	27	Spoil the Children	Malcriar a los niños
latest/win/game_resident/game_resident_US.spc	O-Event.stx	28	Bowing Down	Reverencia
latest/win/game_resident/game_resident_US.spc	O-Event.stx	29	Invitation to the Underground	Invitación al subterráneo
latest/win/game_resident/game_resident_US.spc	O-Event.stx	30	Air Circulation!	¡Ventilación!
latest/win/game_resident/game_resident_US.spc	O-Event.stx	31	Sketch	Boceto
latest/win/game_resident/game_resident_US.spc	O-Event.stx	32	Hidden Cameras!	¡Cámaras ocultas!
latest/win/game_resident/game_resident_US.spc	O-Event.stx	33	Guilt	Culpa
latest/win/game_resident/game_resident_US.spc	O-Event.stx	34	Hand of Despair	La mano de la desesperación
latest/win/game_resident/game_resident_US.spc	O-Event.stx	35	Slowly...	Poco a poco...
latest/win/game_resident/game_resident_US.spc	O-Event.stx	36	Monokuma FIle	Ficha Monokuma
latest/win/game_resident/game_resident_US.spc	O-Event.stx	37	Film Everything	Grabarlo todo
latest/win/game_resident/game_resident_US.spc	O-Event.stx	38	Equivalent Exchange	Intercambio equivalente
latest/win/game_resident/game_resident_US.spc	O-Event.stx	39	Murder!	¡Asesinato!
latest/win/game_resident/game_resident_US.spc	O-Event.stx	40	Everyone, Come Quick!	¡Todos, vengan rápido!
latest/win/game_resident/game_resident_US.spc	O-Event.stx	41	Ultimate Talent Academy	Academia de Talentos Definitivos
latest/win/game_resident/game_resident_US.spc	O-Event.stx	42	Investigating the Photos	Investigando las fotos
latest/win/game_resident/game_resident_US.spc	O-Event.stx	43	Rantaro Appears!	¡Aparece Rantaro!
latest/win/game_resident/game_resident_US.spc	O-Event.stx	44	Story of the Photos	La historia de las fotos
latest/win/game_resident/game_resident_US.spc	O-Event.stx	45	Searching Rantaro	Buscando a Rantaro
latest/win/game_resident/game_resident_US.spc	O-Event.stx	46	No Photography!	¡Prohibido tomar fotos!
latest/win/game_resident/game_resident_US.spc	O-Event.stx	47	Silent Elevator	El ascensor silencioso
latest/win/game_resident/game_resident_US.spc	O-Event.stx	48	Secrets	Secretos
latest/win/game_resident/game_resident_US.spc	O-Event.stx	49	Juicio Escolar Participant 1	Participante del Juicio Escolar 1
latest/win/game_resident/game_resident_US.spc	O-Event.stx	50	Juicio Escolar Participant 2	Participante del Juicio Escolar 2
latest/win/game_resident/game_resident_US.spc	O-Event.stx	51	Juicio Escolar Participant 3	Participante del Juicio Escolar 3
latest/win/game_resident/game_resident_US.spc	O-Event.stx	52	Pasillo Sketch	Boceto del pasillo
latest/win/game_resident/game_resident_US.spc	O-Event.stx	53	Using A Long Pole...	Usando una vara larga...
latest/win/game_resident/game_resident_US.spc	O-Event.stx	54	Photo from Above	Foto desde arriba
latest/win/game_resident/game_resident_US.spc	O-Event.stx	55	Shot Put Ball Route	La ruta de la bala de cañón
latest/win/game_resident/game_resident_US.spc	O-Event.stx	56	Fight the Exisals!	¡Lucha contra los Exisals!
latest/win/game_resident/game_resident_US.spc	O-Event.stx	57	Believe in Me, Who Punched You!	¡Cree en mí, que te golpeé!
latest/win/game_resident/game_resident_US.spc	O-Event.stx	58	Kaede's Wish	El deseo de Kaede
latest/win/game_resident/game_resident_US.spc	O-Event.stx	59	Killing Game Promotional Video	Video promocional del juego de asesinato
latest/win/game_resident/game_resident_US.spc	O-Event.stx	60	Talent Annihilation	Aniquilación de talentos
latest/win/game_resident/game_resident_US.spc	O-Event.stx	61	Mysterious Letters	Cartas misteriosas
latest/win/game_resident/game_resident_US.spc	O-Event.stx	62	Fresh Start!	¡Nuevo comienzo!
latest/win/game_resident/game_resident_US.spc	O-Event.stx	63	Secret Items	Objetos secretos
latest/win/game_resident/game_resident_US.spc	O-Event.stx	64	Attack on Shadow	Ataque a la sombra
latest/win/game_resident/game_resident_US.spc	O-Event.stx	65	Mysterious Device B Side	Dispositivo misterioso lado B
latest/win/game_resident/game_resident_US.spc	O-Event.stx	66	Kaito's Motive Video	El video de motivación de Kaito
latest/win/game_resident/game_resident_US.spc	O-Event.stx	67	Monokubs Meal	La comida de los Monokubs
latest/win/game_resident/game_resident_US.spc	O-Event.stx	68	Training Begins!	¡Empieza el entrenamiento!
latest/win/game_resident/game_resident_US.spc	O-Event.stx	69	Let's Build a Tower	Construyamos una torre
latest/win/game_resident/game_resident_US.spc	O-Event.stx	70	What Is This Aura!?	¡¿Qué es esta aura?!
latest/win/game_resident/game_resident_US.spc	O-Event.stx	71	It's Gonta!	¡Es Gonta!
latest/win/game_resident/game_resident_US.spc	O-Event.stx	72	Kokichi's Surprise Attack	El ataque sorpresa de Kokichi
latest/win/game_resident/game_resident_US.spc	O-Event.stx	73	Insect Meet and Greet	Encuentro con insectos
latest/win/game_resident/game_resident_US.spc	O-Event.stx	74	Insect Meet and Greet LOL	Encuentro con insectos XD
latest/win/game_resident/game_resident_US.spc	O-Event.stx	75	Kibo's Recording Device	La grabadora de Kibo
latest/win/game_resident/game_resident_US.spc	O-Event.stx	76	Magic Show Opening!	¡Comienza el show de magia!
latest/win/game_resident/game_resident_US.spc	O-Event.stx	77	Magic Show Opening!!	¡Comienza el show de magia!!
latest/win/game_resident/game_resident_US.spc	O-Event.stx	78	Magic Show Opening!!!	¡Comienza el show de magia!!!
latest/win/game_resident/game_resident_US.spc	O-Event.stx	79	Magic Show Opening!!!!	¡Comienza el show de magia!!!!
latest/win/game_resident/game_resident_US.spc	O-Event.stx	80	Magic Show Opening!!!!!	¡Comienza el show de magia!!!!!
latest/win/game_resident/game_resident_US.spc	O-Event.stx	81	Disquiet on Stage	Inquietud en el escenario
latest/win/game_resident/game_resident_US.spc	O-Event.stx	82	Go! Kibo!	¡Adelante, Kibo!
latest/win/game_resident/game_resident_US.spc	O-Event.stx	83	Secret Ficha Monokuma	Ficha Monokuma secreta
latest/win/game_resident/game_resident_US.spc	O-Event.stx	84	Looking Down...	Mirando hacia abajo...
latest/win/game_resident/game_resident_US.spc	O-Event.stx	85	Imagining Escape	Imaginando el escape
latest/win/game_resident/game_resident_US.spc	O-Event.stx	86	Switching Bodies	Intercambio de cuerpos
latest/win/game_resident/game_resident_US.spc	O-Event.stx	87	A Woman's Weapon	El arma de una mujer
latest/win/game_resident/game_resident_US.spc	O-Event.stx	88	I Brought This Item	Traje este objeto
latest/win/game_resident/game_resident_US.spc	O-Event.stx	89	Rope Magic	Magia con cuerda
latest/win/game_resident/game_resident_US.spc	O-Event.stx	90	Edificio Principal Construction	Construcción del edificio principal
latest/win/game_resident/game_resident_US.spc	O-Event.stx	91	Let's Do It Together!	¡Hagámoslo juntos!
latest/win/game_resident/game_resident_US.spc	O-Event.stx	92	Ropeway Magic	Magia de teleférico
latest/win/game_resident/game_resident_US.spc	O-Event.stx	93	Kirumi's Motive Video	El video de motivación de Kirumi
latest/win/game_resident/game_resident_US.spc	O-Event.stx	94	Burden	La carga
latest/win/game_resident/game_resident_US.spc	O-Event.stx	95	Giving Up on Surviving	Renunciar a sobrevivir
latest/win/game_resident/game_resident_US.spc	O-Event.stx	96	Ryoma's Motive Video	El video de motivación de Ryoma
latest/win/game_resident/game_resident_US.spc	O-Event.stx	97	I WILL NOT DIE!	¡NO VOY A MORIR!
latest/win/game_resident/game_resident_US.spc	O-Event.stx	98	Public Execution!?	¡¿Ejecución pública?!
latest/win/game_resident/game_resident_US.spc	O-Event.stx	99	Why Irse the Inner Tube?	¿Por qué el flotador?
latest/win/game_resident/game_resident_US.spc	O-Event.stx	100	Deep Impact	Impacto profundo
latest/win/game_resident/game_resident_US.spc	O-Event.stx	101	Social Upheaval	Agitación social
latest/win/game_resident/game_resident_US.spc	O-Event.stx	102	Secret Items II	Objetos secretos II
latest/win/game_resident/game_resident_US.spc	O-Event.stx	103	Tenko's Practice! Boys Edition	¡La práctica de Tenko! Edición chicos
latest/win/game_resident/game_resident_US.spc	O-Event.stx	104	Tenko's Practice! Girls Edition	¡La práctica de Tenko! Edición chicas
latest/win/game_resident/game_resident_US.spc	O-Event.stx	105	This Is My First Time...	Es mi primera vez...
latest/win/game_resident/game_resident_US.spc	O-Event.stx	106	Ultimate Loss	Pérdida definitiva
latest/win/game_resident/game_resident_US.spc	O-Event.stx	107	Maki's Super Fast Push-ups	Las lagartijas ultrarrápidas de Maki
latest/win/game_resident/game_resident_US.spc	O-Event.stx	108	A Shocking Motive!	¡Un motivo impactante!
latest/win/game_resident/game_resident_US.spc	O-Event.stx	109	Mysteriously Changing Message	El mensaje que cambia misteriosamente
latest/win/game_resident/game_resident_US.spc	O-Event.stx	110	God's Gift	Regalo de los dioses
latest/win/game_resident/game_resident_US.spc	O-Event.stx	111	Student Council	Consejo estudiantil
latest/win/game_resident/game_resident_US.spc	O-Event.stx	112	Training Together	Entrenando juntos
latest/win/game_resident/game_resident_US.spc	O-Event.stx	113	God with Red Hair and Black Eyes	El dios de pelo rojo y ojos negros
latest/win/game_resident/game_resident_US.spc	O-Event.stx	114	The Student Council's Authority	La autoridad del consejo estudiantil
latest/win/game_resident/game_resident_US.spc	O-Event.stx	115	Ficha Monokuma For Trouble	Ficha Monokuma problemática
latest/win/game_resident/game_resident_US.spc	O-Event.stx	116	Necronomicon	Necronomicón
latest/win/game_resident/game_resident_US.spc	O-Event.stx	117	The Caged Dog Village	La aldea del perro enjaulado
latest/win/game_resident/game_resident_US.spc	O-Event.stx	118	Ritual Preparation: Fate	Preparación del ritual: destino
latest/win/game_resident/game_resident_US.spc	O-Event.stx	119	Ritual Preparation: Salt	Preparación del ritual: sal
latest/win/game_resident/game_resident_US.spc	O-Event.stx	120	Ritual Preparation: Banquet	Preparación del ritual: banquete
latest/win/game_resident/game_resident_US.spc	O-Event.stx	121	The Candle Disappears	La vela desaparece
latest/win/game_resident/game_resident_US.spc	O-Event.stx	122	Caged Child	Niño enjaulado
latest/win/game_resident/game_resident_US.spc	O-Event.stx	123	Burning Candle	Vela encendida
latest/win/game_resident/game_resident_US.spc	O-Event.stx	124	Ritual: Grudge	Ritual: rencor
latest/win/game_resident/game_resident_US.spc	O-Event.stx	125	Ritual: Favor	Ritual: favor
latest/win/game_resident/game_resident_US.spc	O-Event.stx	126	Licking Licking	Lamer y lamer
latest/win/game_resident/game_resident_US.spc	O-Event.stx	127	Additional Ficha Monokuma	Ficha Monokuma adicional
latest/win/game_resident/game_resident_US.spc	O-Event.stx	128	Cursed!?	¡¿Maldición?!
latest/win/game_resident/game_resident_US.spc	O-Event.stx	129	Light from the Eyes!	¡Luz de los ojos!
latest/win/game_resident/game_resident_US.spc	O-Event.stx	130	Lockpicking Trick	El truco de la ganzúa
latest/win/game_resident/game_resident_US.spc	O-Event.stx	131	A Cool See-saw	Un subibaja genial
latest/win/game_resident/game_resident_US.spc	O-Event.stx	132	The Plotting Witch	La bruja conspiradora
latest/win/game_resident/game_resident_US.spc	O-Event.stx	133	Recording Function!	¡Función de grabación!
latest/win/game_resident/game_resident_US.spc	O-Event.stx	134	Photo Just Before the Ritual	Foto justo antes del ritual
latest/win/game_resident/game_resident_US.spc	O-Event.stx	135	Angie in the Spare Room	Angie en el cuarto de sobra
latest/win/game_resident/game_resident_US.spc	O-Event.stx	136	Eternal Love	Amor eterno
latest/win/game_resident/game_resident_US.spc	O-Event.stx	137	What Was Lost	Lo que se perdió
latest/win/game_resident/game_resident_US.spc	O-Event.stx	138	Carry the Feeling	Llevar el sentimiento
latest/win/game_resident/game_resident_US.spc	O-Event.stx	139	Like I'm Gonna Die Here...	Siento que voy a morir aquí...
latest/win/game_resident/game_resident_US.spc	O-Event.stx	140	A Message from Rantaro	Un mensaje de Rantaro
latest/win/game_resident/game_resident_US.spc	O-Event.stx	141	Additional Message	Mensaje adicional
latest/win/game_resident/game_resident_US.spc	O-Event.stx	142	The Frying Pan is the Weapon!	¡La sartén es el arma!
latest/win/game_resident/game_resident_US.spc	O-Event.stx	143	Secret Items III	Objetos secretos III
latest/win/game_resident/game_resident_US.spc	O-Event.stx	144	Tsumugi's Cabaret	El cabaret de Tsumugi
latest/win/game_resident/game_resident_US.spc	O-Event.stx	145	The Cult	La secta
latest/win/game_resident/game_resident_US.spc	O-Event.stx	146	Huge Space Abs	Abdominales espaciales enormes
latest/win/game_resident/game_resident_US.spc	O-Event.stx	147	Crushing Punch!	¡Puñetazo aplastante!
latest/win/game_resident/game_resident_US.spc	O-Event.stx	148	Ultimate Child Caregiver...?	¿Cuidadora Definitiva...?
latest/win/game_resident/game_resident_US.spc	O-Event.stx	149	Life at the Orphanage	La vida en el orfanato
latest/win/game_resident/game_resident_US.spc	O-Event.stx	150	Life as an Assassin	La vida de una asesina
latest/win/game_resident/game_resident_US.spc	O-Event.stx	151	3 at Night	Las 3 de la noche
latest/win/game_resident/game_resident_US.spc	O-Event.stx	152	I Want to Talk	Quiero hablar
latest/win/game_resident/game_resident_US.spc	O-Event.stx	153	Latest Technology	Tecnología de punta
latest/win/game_resident/game_resident_US.spc	O-Event.stx	154	Mansion Map	Mapa de la mansión
latest/win/game_resident/game_resident_US.spc	O-Event.stx	155	World Map	Mapa del mundo
latest/win/game_resident/game_resident_US.spc	O-Event.stx	156	Parallel Universe Ficha Monokuma	Ficha Monokuma de un universo paralelo
latest/win/game_resident/game_resident_US.spc	O-Event.stx	157	Strike the Fire	Golpe de fuego
latest/win/game_resident/game_resident_US.spc	O-Event.stx	158	Login/Logout Record	Registro de entradas y salidas
latest/win/game_resident/game_resident_US.spc	O-Event.stx	159	The Latest Technology Resurrected	La tecnología de punta resucitada
latest/win/game_resident/game_resident_US.spc	O-Event.stx	160	Virtual World	Mundo Virtual
latest/win/game_resident/game_resident_US.spc	O-Event.stx	161	Killing Game Busters	Cazadores del juego de asesinato
latest/win/game_resident/game_resident_US.spc	O-Event.stx	162	Toilet Paper Murder	El asesinato del papel higiénico
latest/win/game_resident/game_resident_US.spc	O-Event.stx	163	Usar the Paper	Usar el papel
latest/win/game_resident/game_resident_US.spc	O-Event.stx	165	Kokichi's Insanity	La locura de Kokichi
latest/win/game_resident/game_resident_US.spc	O-Event.stx	166	True Kokichi's Insanity	La verdadera locura de Kokichi
latest/win/game_resident/game_resident_US.spc	O-Event.stx	167	Justice Punch!	¡Puñetazo de justicia!
latest/win/game_resident/game_resident_US.spc	O-Event.stx	168	It's Just a Cold...	Es solo un resfriado...
latest/win/game_resident/game_resident_US.spc	O-Event.stx	169	An Ultimate Leader	Un Líder Definitivo
latest/win/game_resident/game_resident_US.spc	O-Event.stx	170	This World Belongs to Me	Este mundo me pertenece
latest/win/game_resident/game_resident_US.spc	O-Event.stx	171	Monokuma's Funeral	El funeral de Monokuma
latest/win/game_resident/game_resident_US.spc	O-Event.stx	172	Secret Items IV	Objetos secretos IV
latest/win/game_resident/game_resident_US.spc	O-Event.stx	173	Robot Body Experiment	Experimento con el cuerpo robótico
latest/win/game_resident/game_resident_US.spc	O-Event.stx	174	Crossbow Assembly	Armando la ballesta
latest/win/game_resident/game_resident_US.spc	O-Event.stx	175	Like Hell I'm Gonna Die Here...	Ni de broma voy a morir aquí...
latest/win/game_resident/game_resident_US.spc	O-Event.stx	176	Annihilation Plan	Plan de aniquilación
latest/win/game_resident/game_resident_US.spc	O-Event.stx	177	Assassination Skills Activate!	¡Habilidades de asesina activadas!
latest/win/game_resident/game_resident_US.spc	O-Event.stx	178	Gofer Project	Proyecto Gofer
latest/win/game_resident/game_resident_US.spc	O-Event.stx	179	16 High School Students	16 estudiantes de preparatoria
latest/win/game_resident/game_resident_US.spc	O-Event.stx	180	Launching the Ark	El lanzamiento del arca
latest/win/game_resident/game_resident_US.spc	O-Event.stx	181	Academy Panorama	Panorama de la academia
latest/win/game_resident/game_resident_US.spc	O-Event.stx	182	The View Outside	La vista del exterior
latest/win/game_resident/game_resident_US.spc	O-Event.stx	183	The Mastermind Unmasked!	¡La Mente Maestra desenmascarada!
latest/win/game_resident/game_resident_US.spc	O-Event.stx	184	That's What You Call Despair!	¡A eso le llaman desesperación!
latest/win/game_resident/game_resident_US.spc	O-Event.stx	185	Kibougamine Panorama	Panorama de Kibougamine
latest/win/game_resident/game_resident_US.spc	O-Event.stx	186	The Tragedy	La tragedia
latest/win/game_resident/game_resident_US.spc	O-Event.stx	187	The Girl in Despair	La chica de la desesperación
latest/win/game_resident/game_resident_US.spc	O-Event.stx	188	High School Despair Student	Estudiante de preparatoria de la desesperación
latest/win/game_resident/game_resident_US.spc	O-Event.stx	189	The Despair Begins	Empieza la desesperación
latest/win/game_resident/game_resident_US.spc	O-Event.stx	190	Future Foundation vs Remnants	Fundación del Futuro contra los Vestigios
latest/win/game_resident/game_resident_US.spc	O-Event.stx	191	The Rebuilt Kibougamine	La Kibougamine reconstruida
latest/win/game_resident/game_resident_US.spc	O-Event.stx	192	The Virus Spreads	El virus se propaga
latest/win/game_resident/game_resident_US.spc	O-Event.stx	193	It's All Connected...	Todo está conectado...
latest/win/game_resident/game_resident_US.spc	O-Event.stx	194	The Ultimate Despair has Arrived!	¡Llegó la Desesperación Definitiva!
latest/win/game_resident/game_resident_US.spc	O-Event.stx	195	Killing Game in Despair	Juego de asesinato en la desesperación
latest/win/game_resident/game_resident_US.spc	O-Event.stx	196	A Man's Promise	Promesa de hombre
latest/win/game_resident/game_resident_US.spc	O-Event.stx	197	Confusion Like Never Before	Una confusión como nunca antes
latest/win/game_resident/game_resident_US.spc	O-Event.stx	198	Human Press	Prensa humana
latest/win/game_resident/game_resident_US.spc	O-Event.stx	199	It's Punishment Time!	¡Es la hora del castigo!
latest/win/game_resident/game_resident_US.spc	O-Event.stx	200	Dubious Ficha Monokuma	Ficha Monokuma dudosa
latest/win/game_resident/game_resident_US.spc	O-Event.stx	201	The Sneaking Magician	El mago sigiloso
latest/win/game_resident/game_resident_US.spc	O-Event.stx	202	Hangar Layout	Plano del hangar
latest/win/game_resident/game_resident_US.spc	O-Event.stx	203	Kaito's Rebellion	La rebelión de Kaito
latest/win/game_resident/game_resident_US.spc	O-Event.stx	204	Assassinate the Remnants	Asesinar a los Vestigios
latest/win/game_resident/game_resident_US.spc	O-Event.stx	205	In Order to Survive...	Para sobrevivir...
latest/win/game_resident/game_resident_US.spc	O-Event.stx	206	Let's Put an End to This...	Pongamos fin a esto...
latest/win/game_resident/game_resident_US.spc	O-Event.stx	207	The Real Kokichi	El verdadero Kokichi
latest/win/game_resident/game_resident_US.spc	O-Event.stx	208	The Second Coming of the Cubs	El regreso de los Kubs
latest/win/game_resident/game_resident_US.spc	O-Event.stx	209	Kibo's Awakening!	¡El despertar de Kibo!
latest/win/game_resident/game_resident_US.spc	O-Event.stx	210	Annihilated Academy	La academia aniquilada
latest/win/game_resident/game_resident_US.spc	O-Event.stx	211	A Special Memory!	¡Un recuerdo especial!
latest/win/game_resident/game_resident_US.spc	O-Event.stx	212	Ultimate Despair!	¡Desesperación Definitiva!
latest/win/game_resident/game_resident_US.spc	O-Event.stx	213	What Kaito Izquierda Behind	Lo que Kaito dejó atrás
latest/win/game_resident/game_resident_US.spc	O-Event.stx	214	Makoto's Vida Diaria	La vida diaria de Makoto
latest/win/game_resident/game_resident_US.spc	O-Event.stx	215	Something to Focus on	Algo en qué concentrarse
latest/win/game_resident/game_resident_US.spc	O-Event.stx	216	Kibo the Destroyer	Kibo el Destructor
latest/win/game_resident/game_resident_US.spc	O-Event.stx	217	Killing Game Squad	Escuadrón del juego de asesinato
latest/win/game_resident/game_resident_US.spc	O-Event.stx	218	The Ultimate War	La guerra definitiva
latest/win/game_resident/game_resident_US.spc	O-Event.stx	219	Kibougamine Official Documents	Documentos oficiales de Kibougamine
latest/win/game_resident/game_resident_US.spc	O-Event.stx	220	Memories with the Baby	Recuerdos con el bebé
latest/win/game_resident/game_resident_US.spc	O-Event.stx	221	The Despair Incident	El incidente de la desesperación
latest/win/game_resident/game_resident_US.spc	O-Event.stx	222	Kokichi's Motive Video	El video de motivación de Kokichi
latest/win/game_resident/game_resident_US.spc	O-Event.stx	223	Memories with the Baby	Recuerdos con el bebé
latest/win/game_resident/game_resident_US.spc	O-Event.stx	224	Writing on the Wall	Escrito en la pared
latest/win/game_resident/game_resident_US.spc	O-Event.stx	225	The Fate of Humanity	El destino de la humanidad
latest/win/game_resident/game_resident_US.spc	O-Event.stx	226	Fire the Rocket Launcher!	¡Dispara el lanzacohetes!
latest/win/game_resident/game_resident_US.spc	O-Event.stx	227	Ultimate Survivor	Superviviente Definitivo
latest/win/game_resident/game_resident_US.spc	O-Event.stx	228	Our Hope	Nuestra esperanza
latest/win/game_resident/game_resident_US.spc	O-Event.stx	229	What's Up!? The Exisals!	¡¿Qué onda?! ¡Los Exisals!
latest/win/game_resident/game_resident_US.spc	O-Event.stx	230	I Won't Let You Interfere!	¡No dejaré que interfieras!
latest/win/game_resident/game_resident_US.spc	O-Event.stx	231	Fire the Rockets!	¡Disparen los cohetes!
latest/win/game_resident/game_resident_US.spc	O-Event.stx	232	Survivor Perks	Ventajas del Superviviente
latest/win/game_resident/game_resident_US.spc	O-Event.stx	233	Kibo vs The Exisals	Kibo contra los Exisals
latest/win/game_resident/game_resident_US.spc	O-Event.stx	234	The Beginning of the End	El principio del fin
latest/win/game_resident/game_resident_US.spc	O-Event.stx	235	Kibo's Eyes for Magnifying!	¡Los ojos de aumento de Kibo!
latest/win/game_resident/game_resident_US.spc	O-Event.stx	236	Kibo's Sharp Ears!	¡El oído agudo de Kibo!
latest/win/game_resident/game_resident_US.spc	O-Event.stx	237	The Case of Rantaro Amami	El caso de Rantaro Amami
latest/win/game_resident/game_resident_US.spc	O-Event.stx	238	The Mastermind's Crime	El crimen de la Mente Maestra
latest/win/game_resident/game_resident_US.spc	O-Event.stx	239	The Suspect's Actions	Las acciones del sospechoso
latest/win/game_resident/game_resident_US.spc	O-Event.stx	240	Junko Enoshima has Arrived	Llegó Junko Enoshima
latest/win/game_resident/game_resident_US.spc	O-Event.stx	241	The Neverending Migration	La migración sin fin
latest/win/game_resident/game_resident_US.spc	O-Event.stx	242	A Laboratory in a Flask	Un laboratorio en un frasco
latest/win/game_resident/game_resident_US.spc	O-Event.stx	243	The Charm of Danganronpa	El encanto de Danganronpa
latest/win/game_resident/game_resident_US.spc	O-Event.stx	244	Past Danganronpas	Los Danganronpa anteriores
latest/win/game_resident/game_resident_US.spc	O-Event.stx	245	New Danganronpa V3!	¡El nuevo Danganronpa V3!
latest/win/game_resident/game_resident_US.spc	O-Event.stx	246	Shuichi's Audition	La audición de Shuichi
latest/win/game_resident/game_resident_US.spc	O-Event.stx	247	Kaede's Audition	La audición de Kaede
latest/win/game_resident/game_resident_US.spc	O-Event.stx	248	Kaito's Audition	La audición de Kaito
latest/win/game_resident/game_resident_US.spc	O-Event.stx	249	Memories of V3	Recuerdos de V3
latest/win/game_resident/game_resident_US.spc	O-Event.stx	250	Inside Voices	Voces internas
latest/win/game_resident/game_resident_US.spc	O-Event.stx	251	The Viewers' Eyes	Los ojos de los espectadores
latest/win/game_resident/game_resident_US.spc	O-Event.stx	252	Victims of the Killing Game	Víctimas del juego de asesinato
latest/win/game_resident/game_resident_US.spc	O-Event.stx	253	Kibo's Final Form	La forma final de Kibo
latest/win/game_resident/game_resident_US.spc	O-Event.stx	254	Kaede's Nail Art	El arte de uñas de Kaede
latest/win/game_resident/game_resident_US.spc	O-Event.stx	255	Kaito's Gambling Problem	El problema de apuestas de Kaito
latest/win/game_resident/game_resident_US.spc	O-Event.stx	256	Faux Celebrity	Falsa celebridad
latest/win/game_resident/game_resident_US.spc	O-Event.stx	257	A Man's Passion, Space Edition	La pasión de un hombre, edición espacial
latest/win/game_resident/game_resident_US.spc	O-Event.stx	258	Maki and the Katana	Maki y la katana
latest/win/game_resident/game_resident_US.spc	O-Event.stx	259	Himiko's Training	El entrenamiento de Himiko
latest/win/game_resident/game_resident_US.spc	O-Event.stx	300	Monokuma & Monokubs TV Clip	Clip de TV de Monokuma y los Monokubs
latest/win/game_resident/game_resident_US.spc	O-Event.stx	301	Kibo's Eyes!	¡Los ojos de Kibo!
latest/win/game_resident/game_resident_US.spc	O-Event.stx	302	Kibo's Ears!	¡Los oídos de Kibo!
latest/win/game_resident/game_resident_US.spc	O-Event.stx	303	Elevator to the Showdown	El ascensor al enfrentamiento
latest/win/game_resident/game_resident_US.spc	O-Event.stx	304	Rantaro's Body Discovery	El hallazgo del cuerpo de Rantaro
latest/win/game_resident/game_resident_US.spc	O-Event.stx	305	Kaede Akamatsu?	¿Kaede Akamatsu?
latest/win/game_resident/game_resident_US.spc	O-Event.stx	306	The Mastermind's Crimes	Los crímenes de la Mente Maestra
latest/win/game_resident/game_resident_US.spc	O-Event.stx	307	The Suspect's Actions	Las acciones del sospechoso
latest/win/game_resident/game_resident_US.spc	O-Event.stx	308	Junko Enoshima has Arrived	Llegó Junko Enoshima
latest/win/game_resident/game_resident_US.spc	O-Event.stx	309	15 Trapped Students	15 estudiantes atrapados
latest/win/game_resident/game_resident_US.spc	O-Event.stx	310	The Death of Junko Enoshima	La muerte de Junko Enoshima
latest/win/game_resident/game_resident_US.spc	O-Event.stx	311	Flashback Light Blackboard	Pizarrón de la Linterna Flashback
latest/win/game_resident/game_resident_US.spc	O-Event.stx	312	Tsumugi's Flashback Light	La Linterna Flashback de Tsumugi
latest/win/game_resident/game_resident_US.spc	O-Event.stx	313	Fabricated Memories	Recuerdos fabricados
latest/win/game_resident/game_resident_US.spc	O-Event.stx	314	Fiction and Reality	Ficción y realidad
latest/win/game_resident/game_resident_US.spc	O-Event.stx	315	The Charm of Danganronpa	El encanto de Danganronpa
latest/win/game_resident/game_resident_US.spc	O-Event.stx	316	Past Danganronpas	Los Danganronpa anteriores
latest/win/game_resident/game_resident_US.spc	O-Event.stx	317	New Danganronpa V3!	¡El nuevo Danganronpa V3!
latest/win/game_resident/game_resident_US.spc	O-Event.stx	318	Shuichi's Audition	La audición de Shuichi
latest/win/game_resident/game_resident_US.spc	O-Event.stx	319	Kaede's Audition	La audición de Kaede
latest/win/game_resident/game_resident_US.spc	O-Event.stx	320	Kaito's Audition	La audición de Kaito
latest/win/game_resident/game_resident_US.spc	O-Event.stx	321	Memories of V3	Recuerdos de V3
latest/win/game_resident/game_resident_US.spc	O-Event.stx	324	Inside Voices	Voces internas
latest/win/game_resident/game_resident_US.spc	O-Event.stx	325	The Viewers' Eyes	Los ojos de los espectadores
latest/win/game_resident/game_resident_US.spc	O-Event.stx	326	Victims of the Killing Game	Víctimas del juego de asesinato
latest/win/game_resident/game_resident_US.spc	O-Event.stx	327	Kibo's Final Form	La forma final de Kibo
latest/win/game_resident/game_resident_US.spc	O-Event.stx	328	Escape from Fiction	Escape de la ficción
latest/win/game_resident/game_resident_US.spc	O-Event.stx	329	Beyond the Wall	Más allá del muro
latest/win/game_resident/game_resident_US.spc	O-Event.stx	330	Hope or an Abyss?	¿Esperanza o abismo?
latest/win/game_resident/game_resident_US.spc	O-Event.stx	333	What Lies Ahead	Lo que nos espera
latest/win/game_resident/game_resident_US.spc	O-Event.stx	334	The Final Scene	La escena final
latest/win/game_resident/game_resident_US.spc	O-Event.stx	335	Love Across the Universe	Amor a través del universo
latest/win/game_resident/game_resident_US.spc	O-Event.stx	336	Kaede's Nail Art	El arte de uñas de Kaede
latest/win/game_resident/game_resident_US.spc	O-Event.stx	337	Kaito's Gambling Problem	El problema de apuestas de Kaito
latest/win/game_resident/game_resident_US.spc	O-Event.stx	338	Faux Celebrity	Falsa celebridad
latest/win/game_resident/game_resident_US.spc	O-Event.stx	339	A Man's Passion, Space Edition	La pasión de un hombre, edición espacial
latest/win/game_resident/game_resident_US.spc	O-Event.stx	340	Maki and the Katana	Maki y la katana
latest/win/game_resident/game_resident_US.spc	O-Event.stx	341	Himiko's Training	El entrenamiento de Himiko
latest/win/game_resident/game_resident_US.spc	O-Event.stx	260	Ultimate Intro: Shuichi Saihara	Presentación definitiva: Shuichi Saihara
latest/win/game_resident/game_resident_US.spc	O-Event.stx	261	Ultimate Intro: Kaito Momota	Presentación definitiva: Kaito Momota
latest/win/game_resident/game_resident_US.spc	O-Event.stx	262	Ultimate Intro: Ryoma Hoshi	Presentación definitiva: Ryoma Hoshi
latest/win/game_resident/game_resident_US.spc	O-Event.stx	263	Ultimate Intro: Rantaro Amami	Presentación definitiva: Rantaro Amami
latest/win/game_resident/game_resident_US.spc	O-Event.stx	264	Ultimate Intro: Gonta Gokuhara	Presentación definitiva: Gonta Gokuhara
latest/win/game_resident/game_resident_US.spc	O-Event.stx	265	Ultimate Intro: Kokichi Ouma	Presentación definitiva: Kokichi Ouma
latest/win/game_resident/game_resident_US.spc	O-Event.stx	266	Ultimate Intro: Korekiyo Shinguji	Presentación definitiva: Korekiyo Shinguji
latest/win/game_resident/game_resident_US.spc	O-Event.stx	267	Ultimate Intro: K1-B0	Presentación definitiva: K1-B0
latest/win/game_resident/game_resident_US.spc	O-Event.stx	268	Ultimate Intro: Kirumi Tojo	Presentación definitiva: Kirumi Tojo
latest/win/game_resident/game_resident_US.spc	O-Event.stx	269	Ultimate Intro: Himiko Yumeno	Presentación definitiva: Himiko Yumeno
latest/win/game_resident/game_resident_US.spc	O-Event.stx	270	Ultimate Intro: Maki Harukawa	Presentación definitiva: Maki Harukawa
latest/win/game_resident/game_resident_US.spc	O-Event.stx	271	Ultimate Intro: Tenko Chabashira	Presentación definitiva: Tenko Chabashira
latest/win/game_resident/game_resident_US.spc	O-Event.stx	272	Ultimate Intro: Tsumugi Shirogane	Presentación definitiva: Tsumugi Shirogane
latest/win/game_resident/game_resident_US.spc	O-Event.stx	273	Ultimate Intro: Angie Yonaga	Presentación definitiva: Angie Yonaga
latest/win/game_resident/game_resident_US.spc	O-Event.stx	274	Ultimate Intro: Miu Iruma	Presentación definitiva: Miu Iruma
latest/win/game_resident/game_resident_US.spc	O-Event.stx	275	Ultimate Intro: Kaede Akamatsu	Presentación definitiva: Kaede Akamatsu
latest/win/game_resident/game_resident_US.spc	O-Event.stx	276	Ultimate Intro: Monokuma	Presentación definitiva: Monokuma
latest/win/game_resident/game_resident_US.spc	O-Event.stx	277	New Ultimate Intro: Junko Enoshima	Nueva presentación definitiva: Junko Enoshima
latest/win/game_resident/game_resident_US.spc	O-Event.stx	278	Ultimate Intro: Hope Robot	Presentación definitiva: Hope Robot
latest/win/game_resident/game_resident_US.spc	O-Event.stx	342	Ultimate Intro: Shuichi Saihara	Presentación definitiva: Shuichi Saihara
latest/win/game_resident/game_resident_US.spc	O-Event.stx	343	Ultimate Intro: Kaito Momota	Presentación definitiva: Kaito Momota
latest/win/game_resident/game_resident_US.spc	O-Event.stx	344	Ultimate Intro: Ryoma Hoshi	Presentación definitiva: Ryoma Hoshi
latest/win/game_resident/game_resident_US.spc	O-Event.stx	345	Ultimate Intro: Rantaro Amami	Presentación definitiva: Rantaro Amami
latest/win/game_resident/game_resident_US.spc	O-Event.stx	346	Ultimate Intro: Gonta Gokuhara	Presentación definitiva: Gonta Gokuhara
latest/win/game_resident/game_resident_US.spc	O-Event.stx	347	Ultimate Intro: Kokichi Ouma	Presentación definitiva: Kokichi Ouma
latest/win/game_resident/game_resident_US.spc	O-Event.stx	348	Ultimate Intro: Korekiyo Shinguji	Presentación definitiva: Korekiyo Shinguji
latest/win/game_resident/game_resident_US.spc	O-Event.stx	349	Ultimate Intro: K1-B0	Presentación definitiva: K1-B0
latest/win/game_resident/game_resident_US.spc	O-Event.stx	350	Ultimate Intro: Kirumi Tojo	Presentación definitiva: Kirumi Tojo
latest/win/game_resident/game_resident_US.spc	O-Event.stx	351	Ultimate Intro: Himiko Yumeno	Presentación definitiva: Himiko Yumeno
latest/win/game_resident/game_resident_US.spc	O-Event.stx	352	Ultimate Intro: Maki Harukawa	Presentación definitiva: Maki Harukawa
latest/win/game_resident/game_resident_US.spc	O-Event.stx	353	Ultimate Intro: Tenko Chabashira	Presentación definitiva: Tenko Chabashira
latest/win/game_resident/game_resident_US.spc	O-Event.stx	354	Ultimate Intro: Tsumugi Shirogane	Presentación definitiva: Tsumugi Shirogane
latest/win/game_resident/game_resident_US.spc	O-Event.stx	355	Ultimate Intro: Angie Yonaga	Presentación definitiva: Angie Yonaga
latest/win/game_resident/game_resident_US.spc	O-Event.stx	356	Ultimate Intro: Miu Iruma	Presentación definitiva: Miu Iruma
latest/win/game_resident/game_resident_US.spc	O-Event.stx	357	Ultimate Intro: Kaede Akamatsu	Presentación definitiva: Kaede Akamatsu
latest/win/game_resident/game_resident_US.spc	O-Event.stx	358	Ultimate Intro: Monokuma	Presentación definitiva: Monokuma
latest/win/game_resident/game_resident_US.spc	O-Event.stx	359	New Ultimate Intro: Junko Enoshima	Nueva presentación definitiva: Junko Enoshima
latest/win/game_resident/game_resident_US.spc	O-Event.stx	360	Ultimate Intro: Hope Robot	Presentación definitiva: Hope Robot
latest/win/game_resident/game_resident_US.spc	O-Event.stx	279	Monokuma Theater 1 (Cap. 1)	Teatro Monokuma 1 (Cap. 1)
latest/win/game_resident/game_resident_US.spc	O-Event.stx	280	Monokuma Theater 2 (Cap. 1)	Teatro Monokuma 2 (Cap. 1)
latest/win/game_resident/game_resident_US.spc	O-Event.stx	281	Monokuma Theater 3 (Cap. 1)	Teatro Monokuma 3 (Cap. 1)
latest/win/game_resident/game_resident_US.spc	O-Event.stx	283	Monokuma Theater 4 (Cap. 2)	Teatro Monokuma 4 (Cap. 2)
latest/win/game_resident/game_resident_US.spc	O-Event.stx	284	Monokuma Theater 5 (Cap. 2)	Teatro Monokuma 5 (Cap. 2)
latest/win/game_resident/game_resident_US.spc	O-Event.stx	285	Monokuma Theater 6 (Cap. 2)	Teatro Monokuma 6 (Cap. 2)
latest/win/game_resident/game_resident_US.spc	O-Event.stx	286	Monodam Theater 1 (Cap. 3)	Teatro Monodam 1 (Cap. 3)
latest/win/game_resident/game_resident_US.spc	O-Event.stx	287	Monodam Theater 2 (Cap. 3)	Teatro Monodam 2 (Cap. 3)
latest/win/game_resident/game_resident_US.spc	O-Event.stx	288	Monodam Theater 3 (Cap. 3)	Teatro Monodam 3 (Cap. 3)
latest/win/game_resident/game_resident_US.spc	O-Event.stx	289	Monokuma Theater 7 (Cap. 4)	Teatro Monokuma 7 (Cap. 4)
latest/win/game_resident/game_resident_US.spc	O-Event.stx	290	Monokuma Theater 8 (Cap. 4)	Teatro Monokuma 8 (Cap. 4)
latest/win/game_resident/game_resident_US.spc	O-Event.stx	291	Monokuma Theater 9 (Cap. 5)	Teatro Monokuma 9 (Cap. 5)
latest/win/game_resident/game_resident_US.spc	O-Event.stx	292	Monokuma Theater 10 (Cap. 5)	Teatro Monokuma 10 (Cap. 5)
latest/win/game_resident/game_resident_US.spc	O-Event.stx	293	Monokuma Theater 11 (Cap. 5)	Teatro Monokuma 11 (Cap. 5)
latest/win/game_resident/game_resident_US.spc	O-Event.stx	294	Monokuma Theater 12 (Cap. 5)	Teatro Monokuma 12 (Cap. 5)
latest/win/game_resident/game_resident_US.spc	O-Event.stx	361	Monokuma Theater 1 (Cap. 1)	Teatro Monokuma 1 (Cap. 1)
latest/win/game_resident/game_resident_US.spc	O-Event.stx	362	Monokuma Theater 2 (Cap. 1)	Teatro Monokuma 2 (Cap. 1)
latest/win/game_resident/game_resident_US.spc	O-Event.stx	363	Monokuma Theater 3 (Cap. 1)	Teatro Monokuma 3 (Cap. 1)
latest/win/game_resident/game_resident_US.spc	O-Event.stx	364	Monokuma Theater 4 (Cap. 1)	Teatro Monokuma 4 (Cap. 1)
latest/win/game_resident/game_resident_US.spc	O-Event.stx	365	Monokuma Theater 5 (Cap. 2)	Teatro Monokuma 5 (Cap. 2)
latest/win/game_resident/game_resident_US.spc	O-Event.stx	366	Monokuma Theater 6 (Cap. 2)	Teatro Monokuma 6 (Cap. 2)
latest/win/game_resident/game_resident_US.spc	O-Event.stx	367	Monokuma Theater 7 (Cap. 2)	Teatro Monokuma 7 (Cap. 2)
latest/win/game_resident/game_resident_US.spc	O-Event.stx	368	Monokuma Theater 1 (Cap. 3)	Teatro Monokuma 1 (Cap. 3)
latest/win/game_resident/game_resident_US.spc	O-Event.stx	369	Monokuma Theater 2 (Cap. 3)	Teatro Monokuma 2 (Cap. 3)
latest/win/game_resident/game_resident_US.spc	O-Event.stx	370	Monokuma Theater 3 (Cap. 1)	Teatro Monokuma 3 (Cap. 1)
latest/win/game_resident/game_resident_US.spc	O-Event.stx	371	Monokuma Theater 8 (Cap. 4)	Teatro Monokuma 8 (Cap. 4)
latest/win/game_resident/game_resident_US.spc	O-Event.stx	372	Monokuma Theater 9 (Cap. 4)	Teatro Monokuma 9 (Cap. 4)
latest/win/game_resident/game_resident_US.spc	O-Event.stx	373	Monokuma Theater 10 (Cap. 5)	Teatro Monokuma 10 (Cap. 5)
latest/win/game_resident/game_resident_US.spc	O-Event.stx	374	Monokuma Theater 11 (Cap. 5)	Teatro Monokuma 11 (Cap. 5)
latest/win/game_resident/game_resident_US.spc	O-Event.stx	375	Monokuma Theater 12 (Cap. 5)	Teatro Monokuma 12 (Cap. 5)
latest/win/game_resident/game_resident_US.spc	O-Event.stx	376	Monokuma Theater 13 (Cap. 5)	Teatro Monokuma 13 (Cap. 5)
latest/win/game_resident/game_resident_US.spc	O-Event.stx	295	Monokuma & Monokubs Theater 1	Teatro de Monokuma y los Monokubs 1
latest/win/game_resident/game_resident_US.spc	O-Event.stx	296	Monokuma & Monokubs Theater 2	Teatro de Monokuma y los Monokubs 2
latest/win/game_resident/game_resident_US.spc	O-Event.stx	297	Monokuma & Monokubs Theater 3	Teatro de Monokuma y los Monokubs 3
latest/win/game_resident/game_resident_US.spc	O-Event.stx	298	Monokuma & Monokubs Theater 4	Teatro de Monokuma y los Monokubs 4
latest/win/game_resident/game_resident_US.spc	O-Event.stx	299	Monokuma & Monokubs Theater 5	Teatro de Monokuma y los Monokubs 5
latest/win/game_resident/game_resident_US.spc	O-Event.stx	377	Monokuma & Monokubs Theater 1	Teatro de Monokuma y los Monokubs 1
latest/win/game_resident/game_resident_US.spc	O-Event.stx	378	Monokuma & Monokubs Theater 2	Teatro de Monokuma y los Monokubs 2
latest/win/game_resident/game_resident_US.spc	O-Event.stx	379	Monokuma & Monokubs Theater 3	Teatro de Monokuma y los Monokubs 3
latest/win/game_resident/game_resident_US.spc	O-Event.stx	380	Monokuma & Monokubs Theater 4	Teatro de Monokuma y los Monokubs 4
latest/win/game_resident/game_resident_US.spc	O-Event.stx	381	Monokuma & Monokubs Theater 5	Teatro de Monokuma y los Monokubs 5
latest/win/game_resident/game_resident_US.spc	O-Movie.stx	1	Staff Roll	Créditos
latest/win/game_resident/game_resident_US.spc	O-Movie.stx	2	Promo Movie	Video promocional
latest/win/game_resident/game_resident_US.spc	O-Movie.stx	3	The Monokubs Arrive	Llegan los Monokubs
latest/win/game_resident/game_resident_US.spc	O-Movie.stx	4	The 16 Transform	La transformación de los 16
latest/win/game_resident/game_resident_US.spc	O-Movie.stx	7	Epilogue	Epílogo
latest/win/game_resident/game_resident_US.spc	O-Movie.stx	8	Promo Movie Revisited	Video promocional revisitado
latest/win/game_resident/game_resident_US.spc	O-Movie.stx	11	Punishment: Der Flohwalzer	Castigo: Der Flohwalzer
latest/win/game_resident/game_resident_US.spc	O-Movie.stx	12	Punishment: Strand of Agony	Castigo: Hilo de agonía
latest/win/game_resident/game_resident_US.spc	O-Movie.stx	13	Punishment: Cultural Melting Pot	Castigo: Crisol cultural
latest/win/game_resident/game_resident_US.spc	O-Movie.stx	14	Punishment: Wild West Insecticide	Castigo: Insecticida del Viejo Oeste
latest/win/game_resident/game_resident_US.spc	O-Movie.stx	15	Punishment: Blast Off! 2do Ignition	Castigo: ¡Despegue! 2.ª ignición
latest/win/game_resident/game_resident_US.spc	O-Movie.stx	16	Punishment: Ultimate Annihilation	Castigo: Aniquilación definitiva
latest/win/game_resident/game_resident_US.spc	O-Movie.stx	17	The Suspect Arrives	Llega el sospechoso
latest/win/game_resident/game_resident_US.spc	O-Movie.stx	27	Rantaro's Body Discovery	El hallazgo del cuerpo de Rantaro
latest/win/game_resident/game_resident_US.spc	O-Movie.stx	28	Ryoma's Body Discovery	El hallazgo del cuerpo de Ryoma
latest/win/game_resident/game_resident_US.spc	O-Movie.stx	29	Angie's Body Discovery	El hallazgo del cuerpo de Angie
latest/win/game_resident/game_resident_US.spc	O-Movie.stx	30	Tenko's Body Discovery	El hallazgo del cuerpo de Tenko
latest/win/game_resident/game_resident_US.spc	O-Movie.stx	31	Miu's Body Discovery	El hallazgo del cuerpo de Miu
latest/win/game_resident/game_resident_US.spc	O-Movie.stx	32	Kaito's? Body Discovery	¿El hallazgo del cuerpo de Kaito?
latest/win/game_resident/game_resident_US.spc	O-Movie.stx	33	Kokichi's Body Discovery	El hallazgo del cuerpo de Kokichi
latest/win/game_resident/game_resident_US.spc	O-Movie.stx	41	The Elevator Descends	El ascensor desciende
latest/win/game_resident/game_resident_US.spc	O-Movie.stx	47	Magic Key	Llave mágica
latest/win/game_resident/game_resident_US.spc	O-Movie.stx	51	The Barrier Falls	Cae la barrera
latest/win/game_resident/game_resident_US.spc	O-Movie.stx	57	Escape from the Academy	Escape de la academia
latest/win/game_resident/game_resident_US.spc	O-Movie.stx	58	The Door to the Future	La puerta al futuro
latest/win/game_resident/game_resident_US.spc	O-Movie.stx	60	K1-B0 Returns	El regreso de K1-B0
latest/win/game_resident/game_resident_US.spc	O-Movie.stx	61	The End of Danganronpa	El fin de Danganronpa
latest/win/game_resident/game_resident_US.spc	O-Movie.stx	34	Trial Ground Transformation (Cap.1)	Transformación del Santuario del Juicio (Cap. 1)
latest/win/game_resident/game_resident_US.spc	O-Movie.stx	35	Trial Ground Transformation (Cap.2)	Transformación del Santuario del Juicio (Cap. 2)
latest/win/game_resident/game_resident_US.spc	O-Movie.stx	36	Trial Ground Transformation (Cap.3)	Transformación del Santuario del Juicio (Cap. 3)
latest/win/game_resident/game_resident_US.spc	O-Movie.stx	37	Trial Ground Transformation (Cap.4)	Transformación del Santuario del Juicio (Cap. 4)
latest/win/game_resident/game_resident_US.spc	O-Movie.stx	38	Trial Ground Transformation (Cap.5)	Transformación del Santuario del Juicio (Cap. 5)
latest/win/game_resident/game_resident_US.spc	O-Movie.stx	39	Trial Ground Transformation (Cap.6)	Transformación del Santuario del Juicio (Cap. 6)
latest/win/game_resident/game_resident_US.spc	O-Movie.stx	5	Kaede's Flashback Light	La Linterna Flashback de Kaede
latest/win/game_resident/game_resident_US.spc	O-Movie.stx	6	Monokuma Arrives	Llega Monokuma
latest/win/game_resident/game_resident_US.spc	O-Movie.stx	9	Shuichi's Flashback Light	La Linterna Flashback de Shuichi
latest/win/game_resident/game_resident_US.spc	O-Movie.stx	10	Cap. 5 Flashback Light	Linterna Flashback del Cap. 5
latest/win/game_resident/game_resident_US.spc	O-Movie.stx	19	Remember	Recuerda
latest/win/game_resident/game_resident_US.spc	O-Movie.stx	20	K1-B0's Rampage	El arrebato de K1-B0
latest/win/game_resident/game_resident_US.spc	O-Movie.stx	21	Vote: Cap.1 "Kaede Akamatsu"	Votación: Cap. 1 "Kaede Akamatsu"
latest/win/game_resident/game_resident_US.spc	O-Movie.stx	22	Vote: Cap. 2 "Kirumi Tojo"	Votación: Cap. 2 "Kirumi Tojo"
latest/win/game_resident/game_resident_US.spc	O-Movie.stx	23	Vote: Cap.3 "Korekiyo Shinguji"	Votación: Cap. 3 "Korekiyo Shinguji"
latest/win/game_resident/game_resident_US.spc	O-Movie.stx	24	Vote: Cap.4 "Gonta Gokuhara"	Votación: Cap. 4 "Gonta Gokuhara"
latest/win/game_resident/game_resident_US.spc	O-Movie.stx	25	Vote: Cap.5 "Kaito Momota"	Votación: Cap. 5 "Kaito Momota"
latest/win/game_resident/game_resident_US.spc	O-Movie.stx	26	Vote: Cap.6 "Tsumugi Shirogane"	Votación: Cap. 6 "Tsumugi Shirogane"
latest/win/game_resident/game_resident_US.spc	O-Movie.stx	40	Santuario del Juicio Elevator	Ascensor al Santuario del Juicio
latest/win/game_resident/game_resident_US.spc	O-Movie.stx	43	Ancient Passport	Pasaporte Antiguo
latest/win/game_resident/game_resident_US.spc	O-Movie.stx	44	Dragon Gem	Gema de Dragón
latest/win/game_resident/game_resident_US.spc	O-Movie.stx	45	Hexagon Crank	Manivela Hexagonal
latest/win/game_resident/game_resident_US.spc	O-Movie.stx	46	Ninja Scroll	Pergamino Ninja
latest/win/game_resident/game_resident_US.spc	O-Movie.stx	48	Golden Hammer	Martillo Dorado
latest/win/game_resident/game_resident_US.spc	O-Movie.stx	49	Levistone	Cristal de Volucita
latest/win/game_resident/game_resident_US.spc	O-Movie.stx	50	Octobrush	Cefalocepillo
latest/win/game_resident/game_resident_US.spc	O-Movie.stx	52	Academy Annihilation	Aniquilación de la academia
latest/win/game_resident/game_resident_US.spc	O-Movie.stx	53	Santuario del Juicio Elevator Cap. 6	Ascensor al Santuario del Juicio Cap. 6
latest/win/game_resident/game_resident_US.spc	O-Movie.stx	54	Recibidor Annihilation	Aniquilación del recibidor
latest/win/game_resident/game_resident_US.spc	O-Movie.stx	55	Patio Annihilation	Aniquilación del patio
latest/win/game_resident/game_resident_US.spc	O-Movie.stx	56	Virtual World Trip	Viaje al Mundo Virtual
latest/win/game_resident/game_resident_US.spc	O-Movie.stx	59	K1-B0 Attacks	K1-B0 ataca
