latest/win/game_resident/game_resident_US.spc	A-Adventure.stx	6	<CLT=cltMIND> En <DIG=●> respuesta(s) correctas más, el bloqueo será levantado. 	<CLT=cltMIND> Responde correctamente <DIG=●> vez/veces más para desbloquearlo.
latest/win/game_resident/game_resident_US.spc	A-Skill.stx	2	Foco Extraordinaria 	Foco Extraordinario
latest/win/game_resident/game_resident_US.spc	A-SkillSetumei.stx	2	Aumenta un poco la concentración máxima.\nEfectiva durante todo el juicio escolar.\nNo se puede combinar con Foco Amenazador.	Aumenta un poco la concentración máxima.\nEfectiva durante todo el juicio escolar.\nNo se puede combinar con Foco Amenazante.
latest/win/game_resident/game_resident_US.spc	A-SkillSetumei.stx	32	La primera letra estará llenada desde el\ninicio. Efectiva durante la Epifanía Anagrámica V3.0.	La primera letra aparecerá desde el\ninicio. Efectiva durante la Epifanía Anagrámica V3.0.
latest/win/game_resident/game_resident_US.spc	A-SkillSetumei.stx	41	Se borraran piezas desde el comienzo.\nEfectiva durante Excavaciones Cerebrales.	Algunas piezas faltarán desde el comienzo.\nEfectiva durante Excavaciones Cerebrales.
latest/win/game_resident/game_resident_US.spc	C-Briefing.stx	1	Ver Manual de Estudiante	Ver Monopad
latest/win/game_resident/game_resident_US.spc	C-Briefing.stx	9	Unidos contra la mente maestra, Kokichi, los estudiantes deben sobrevivir a un Juicio Escolar sin conocer la identidad del asesino ni de Víctima. Este es el comienzo de un juicio impredecible...	Unidos contra la mente maestra, Kokichi, los estudiantes deben sobrevivir a un Juicio Escolar sin conocer la identidad del asesino ni de la víctima. Este es el comienzo de un juicio impredecible...
latest/win/game_resident/game_resident_US.spc	D-Menu.stx	2	Para débiles de mente.	Para quienes quieren disfrutar la historia.
latest/win/game_resident/game_resident_US.spc	D-Menu.stx	4	Penalizaciones más duras ¡pero más recompensas!	Penalizaciones más duras y más opciones, ¡pero más recompensas!
latest/win/game_resident/game_resident_US.spc	D-Menu.stx	5	Para mancos.	Menos acción, para quienes solo quieren disfrutar la historia.
latest/win/game_resident/game_resident_US.spc	F-HelpModeName.stx	24	Cambio de Premios de Casino 	Cambio de Premios de Casino
latest/win/game_resident/game_resident_US.spc	F-HelpModeName.stx	28	Casino Tragaperras MonoMono 	Casino Tragaperras MonoMono
latest/win/game_resident/game_resident_US.spc	I-Button.stx	4	<PAD=【□】>Cambiar playback	<PAD=【□】>Cambiar reproducción
latest/win/game_resident/game_resident_US.spc	I-Button.stx	8	<PAD=【△】>MAX BET	<PAD=【△】>APOSTAR TODO
latest/win/game_resident/game_resident_US.spc	I-Button.stx	17	<PAD=【Ｌ１】> <PAD=【Ｒ１】>ＢＥＴ×１０	<PAD=【Ｌ１】> <PAD=【Ｒ１】>APOSTAR x10
latest/win/game_resident/game_resident_US.spc	I-Button.stx	18	<PAD=【Ｐ上下】>ＢＥＴ	<PAD=【Ｐ上下】>APOSTAR
latest/win/game_resident/game_resident_US.spc	I-Button.stx	19	<PAD=【Ｐ上下】>ＢＥＴ <PAD=【Ｌ１】> <PAD=【Ｒ１】>ＢＥＴ×１０ <PAD=【△】>MAX BET	<PAD=【Ｐ上下】>APOSTAR <PAD=【Ｌ１】> <PAD=【Ｒ１】>APOSTAR x10 <PAD=【△】>APOSTAR TODO
latest/win/wrd_script/007/gallery_text_US.SPC	casino_01.stx	21	<CLT=cltMIND>¡TREASURE HUNTER! MONOLITH.\nEs un juego de búsqueda de tesoros...	<CLT=cltMIND>¡CAZADOR DE TESOROS! Monolith.\nEs un juego de búsqueda de tesoros...
latest/win/wrd_script/007/gallery_text_US.SPC	casino_01.stx	23	<CLT=cltMIND>¡TREASURE HUNTER! MONOLITH.\nEs un juego de búsqueda de tesoros...	<CLT=cltMIND>¡CAZADOR DE TESOROS! Monolith.\nEs un juego de búsqueda de tesoros...
latest/win/wrd_script/007/gallery_text_US.SPC	casino_01.stx	28	<CLT=cltSYSTEM>¡TREASURE HUNTER! MONOLITH\nGuía del cazador de tesoros	<CLT=cltSYSTEM>¡CAZADOR DE TESOROS! Monolith\nGuía del cazador de tesoros
latest/win/wrd_script/007/gallery_text_US.SPC	casino_01.stx	34	<CLT=cltMIND>¡SALMON FISHING!\nEs un juego de pescar salmones.	<CLT=cltMIND>¡AGARRÓN DE SALMÓN!\nEs un juego de pescar salmones.
latest/win/wrd_script/007/gallery_text_US.SPC	casino_01.stx	39	<CLT=cltSYSTEM>¡SALMON FISHING!\nNoche de salmones	<CLT=cltSYSTEM>¡AGARRÓN DE SALMÓN!\nNoche de salmones
latest/win/wrd_script/007/gallery_text_US.SPC	casino_01.stx	45	<CLT=cltMIND>MonoMono Slots...\nParece un juego de tragamonedas.	<CLT=cltMIND>Tragaperras MonoMono...\nParece un juego de tragaperras.
latest/win/wrd_script/007/gallery_text_US.SPC	casino_01.stx	50	<CLT=cltSYSTEM>MonoMono Slots\nCómo ganar en las tragamonedas	<CLT=cltSYSTEM>Tragaperras MonoMono\nCómo ganar en las tragaperras
latest/win/wrd_script/007/gallery_text_US.SPC	casino_01.stx	56	<CLT=cltMIND>MonoMono Slots...\nParece un juego de tragamonedas.	<CLT=cltMIND>Tragaperras MonoMono...\nParece un juego de tragaperras.
latest/win/wrd_script/007/gallery_text_US.SPC	casino_01.stx	61	<CLT=cltSYSTEM>MonoMono Slots\nCómo ganar en las tragamonedas	<CLT=cltSYSTEM>Tragaperras MonoMono\nCómo ganar en las tragaperras
latest/win/wrd_script/007/gallery_text_US.SPC	casino_01.stx	67	<CLT=cltMIND>MonoMono Slots...\nParece un juego de tragamonedas.	<CLT=cltMIND>Tragaperras MonoMono...\nParece un juego de tragaperras.
latest/win/wrd_script/007/gallery_text_US.SPC	casino_01.stx	72	<CLT=cltSYSTEM>MonoMono Slots\nCómo ganar en las tragamonedas	<CLT=cltSYSTEM>Tragaperras MonoMono\nCómo ganar en las tragaperras
latest/win/wrd_script/007/gallery_text_US.SPC	casino_01.stx	80	<CLT=cltMIND>¡TREASURE HUNTER! MONOLITH.\nEs un juego de búsqueda de tesoros...	<CLT=cltMIND>¡CAZADOR DE TESOROS! Monolith.\nEs un juego de búsqueda de tesoros...
latest/win/wrd_data/map_obj_name_text_US.SPC	ID241_casino_B1_text.stx	1	TREASURE HUNTER! MONOLITH	¡CAZADOR DE TESOROS! Monolith
latest/win/wrd_data/map_obj_name_text_US.SPC	ID241_casino_B1_text.stx	2	SALMON FISHING	AGARRÓN DE SALMÓN
latest/win/wrd_data/map_obj_name_text_US.SPC	ID241_casino_B1_text.stx	3	Tragamonedas MonoMono	Tragaperras MonoMono
latest/win/wrd_data/map_obj_name_text_US.SPC	ID241_casino_B1_text.stx	5	Tragamonedas MonoMono	Tragaperras MonoMono
latest/win/wrd_data/map_obj_name_text_US.SPC	ID241_casino_B1_text.stx	6	Tragamonedas MonoMono	Tragaperras MonoMono
latest/win/wrd_data/map_obj_name_text_US.SPC	ID241_casino_B1_text.stx	8	TREASURE HUNTER! MONOLITH	¡CAZADOR DE TESOROS! Monolith
latest/win/wrd_data/map_obj_name_text_US.SPC	ID241_casino_B1_text.stx	9	SALMON FISHING	AGARRÓN DE SALMÓN
latest/win/wrd_data/map_obj_name_text_US.SPC	ID241_casino_B1_text.stx	10	Tragamonedas MonoMono	Tragaperras MonoMono
latest/win/wrd_data/map_obj_name_text_US.SPC	ID241_casino_B1_text.stx	11	Tragamonedas MonoMono	Tragaperras MonoMono
latest/win/wrd_data/map_obj_name_text_US.SPC	ID241_casino_B1_text.stx	12	Tragamonedas MonoMono	Tragaperras MonoMono
